Ticker,Year,Beta,Current Assets,Cash And Cash Equivalents,Current Liabilities,Total Liabilities Net Minority Interest,Depreciation And Amortization,Capital Expenditure,Net Income,Interest Expense,Tax Rate For Calcs
FDP,2022,0.4800054452663592,1241400000.0,17200000.0,607000000.0,1483900000.0,92500000.0,-48100000.0,98600000.0,24400000.0,0.170628
FDS,2022,0.8089474591816385,870347000.0,503273000.0,438287000.0,2682897000.0,129715000.0,-51156000.0,396917000.0,35697000.0,0.105
FDX,2022,1.0021763113444473,18610000000.0,6856000000.0,13586000000.0,61055000000.0,4176000000.0,-6174000000.0,3972000000.0,694000000.0,0.259
FE,2022,0.49171877139594494,2415000000.0,160000000.0,3958000000.0,35465000000.0,1317000000.0,-2756000000.0,406000000.0,955000000.0,0.21
FEAM,2022,1.3984368298952161,22131000.0,20323000.0,8864000.0,47333000.0,348000.0,-40083000.0,-30624000.0,6854000.0,0.0
FEIM,2022,0.34069289400014824,48307000.0,12049000.0,27281000.0,41610000.0,2434000.0,-918000.0,-5501000.0,156000.0,0.21
FELE,2022,0.8986459589105595,858090000.0,45790000.0,405769000.0,623399000.0,50374000.0,-41903000.0,187332000.0,11525000.0,0.197
FEMY,2022,0.9589656204873693,14131491.0,12961936.0,1527809.0,1653051.0,889140.0,-407475.0,-11394170.0,13464.0,0.21
FER,2022,0.019337418721612713,7419000000.0,5063000000.0,5379000000.0,19991000000.0,299000000.0,-95000000.0,185000000.0,354000000.0,0.113
FERG,2022,0.9488035642700501,9077000000.0,601000000.0,5429000000.0,10957000000.0,321000000.0,-441000000.0,1889000000.0,184000000.0,0.233
FET,2022,0.5292803529805822,512865000.0,51029000.0,210293000.0,527722000.0,36978000.0,-7492000.0,3712000.0,31525000.0,0.21
FF,2022,0.9088567789207372,273776000.0,175640000.0,56098000.0,72969000.0,10454000.0,-4778000.0,15211000.0,128000.0,0.21
FFIE,2022,2.156996831628822,84526000.0,16968000.0,268245000.0,328296000.0,5495000.0,-123222000.0,-602239000.0,9440000.0,0.0
FGEN,2022,1.2688167719231762,492826000.0,155700000.0,273562000.0,611567000.0,10604000.0,-38741000.0,-293654000.0,1440000.0,0.21
FGI,2022,0.8438199868641882,45887608.0,10067428.0,29775203.0,37622520.0,218662.0,-1064223.0,3679920.0,600798.0,0.189
FHI,2022,0.8305426521560878,651031000.0,336782000.0,257413000.0,912966000.0,28085000.0,-4372000.0,239496000.0,11073000.0,0.234
FHTX,2022,1.530504230849526,351399000.0,52214000.0,55205000.0,404771000.0,3321000.0,-1210000.0,-108882000.0,0.0,0.0
FI,2022,0.94785472657841,27544000000.0,902000000.0,26458000000.0,52181000000.0,3169000000.0,-1479000000.0,2530000000.0,746000000.0,0.189
FICO,2022,1.3275704471892662,484715000.0,133202000.0,331459000.0,2243981000.0,20465000.0,-6029000.0,373541000.0,68967000.0,0.207
FIGS,2022,1.8459329598496792,356500000.0,159775000.0,71393000.0,87325000.0,1924000.0,-5348000.0,21186000.0,,0.21
FINV,2022,0.9044621208652818,18896590000.0,3636380000.0,4929193000.0,8938422000.0,65006000.0,-52775000.0,2266382000.0,,0.17
FIP,2022,0.94059631373917,277804000.0,36486000.0,159581000.0,1689015000.0,70749000.0,-217141000.0,-153584000.0,53239000.0,0.21
FIS,2022,1.0822898212931027,12818000000.0,456000000.0,16224000000.0,35872000000.0,3846000000.0,-1390000000.0,-16720000000.0,298000000.0,0.35
FIVE,2022,1.4847622246370604,1066379000.0,332324000.0,602560000.0,1962982000.0,105617000.0,-251954000.0,261528000.0,,0.247475
FIVN,2022,1.5559139382224758,778710000.0,180520000.0,150776000.0,934520000.0,55048000.0,-56171000.0,-94650000.0,7493000.0,0.21
FIX,2022,0.9946455889877704,1307671000.0,57214000.0,1170802000.0,1597555000.0,81347000.0,-48359000.0,245947000.0,12098000.0,0.21
FL,2022,0.9705360213878264,2521000000.0,536000000.0,1610000000.0,4614000000.0,208000000.0,-285000000.0,342000000.0,15000000.0,0.343
FLEX,2022,1.2556454238129628,16033000000.0,3164000000.0,10867000000.0,15701000000.0,501000000.0,-635000000.0,793000000.0,230000000.0,0.154
FLGC,2022,1.7104115467193408,31155000.0,8935000.0,17447000.0,24575000.0,2629000.0,-1294000.0,-52415000.0,,0.029
FLL,2022,1.4902047724868464,202921000.0,56589000.0,65661000.0,495538000.0,7930000.0,-170939000.0,-14804000.0,22694000.0,0.002
FLNC,2022,2.3132355924436174,1601533000.0,357296000.0,1109463000.0,1116446000.0,7108000.0,-7934000.0,-104485000.0,2018000.0,0.21
FLNG,2022,0.7785438539793853,354048000.0,332329000.0,153198000.0,1772422000.0,72224000.0,-5000.0,188042000.0,76596000.0,0.001
FLNT,2022,1.1693225345143377,92217000.0,25547000.0,50219000.0,90014000.0,13214000.0,-4400000.0,-123332000.0,1965000.0,0.015
FLO,2022,0.36093297713541683,804940000.0,165134000.0,564425000.0,1869704000.0,141957000.0,-169071000.0,228394000.0,28921000.0,0.235
FLR,2022,0.8603636782006017,5044000000.0,2439000000.0,3216000000.0,4831000000.0,73000000.0,-75000000.0,145000000.0,59000000.0,0.21
FLS,2022,0.9779987159860767,2450972000.0,434971000.0,1243151000.0,2932027000.0,90953000.0,-76287000.0,188689000.0,46247000.0,0.21
FLUT,2022,1.0282065861226102,3976000000.0,2974000000.0,4626000000.0,13138000000.0,1075000000.0,-429000000.0,-369000000.0,219000000.0,0.19
FLUX,2022,1.3515006636728701,26617000.0,485000.0,14586000.0,16947000.0,575000.0,-797000.0,-15609000.0,252000.0,0.0
FLWS,2022,1.3700767313407913,373143000.0,126807000.0,220261000.0,579587000.0,53673000.0,-44646000.0,-44702000.0,10946000.0,0.044
FLXS,2022,0.6828139489369998,170642000.0,3365000.0,55105000.0,148929000.0,4572000.0,-4790000.0,14778000.0,1341000.0,0.21
FLYW,2022,2.0715287141538785,450643000.0,349177000.0,177276000.0,192384000.0,12304000.0,-7070000.0,-39347000.0,1211000.0,0.21
FMC,2022,0.6920872048645388,5438600000.0,572000000.0,3799600000.0,7770400000.0,169400000.0,-142300000.0,736500000.0,151800000.0,0.148
FMS,2022,0.4969195727047624,8203455000.0,1273787000.0,6467314000.0,20304935000.0,1838363000.0,-723988000.0,673405000.0,360139000.0,0.267
FMX,2022,0.5200997003590875,226449000000.0,83439000000.0,176922000000.0,461014000000.0,30527000000.0,-31472000000.0,23909000000.0,14471000000.0,0.346
FN,2022,1.153353263940692,1652540000.0,231368000.0,481885000.0,510990000.0,43832000.0,-62271000.0,247913000.0,1472000.0,0.047
FNA,2022,1.52210236074097,142376000.0,38468000.0,68502000.0,113181000.0,13728000.0,-43086000.0,-67326000.0,4129000.0,0.0009
FND,2022,1.8495159122958122,1457485000.0,9794000.0,1006758000.0,2694066000.0,155023000.0,-456600000.0,298195000.0,11138000.0,0.227
FNGR,2022,0.5874414122690883,17265851.0,9240241.0,2036520.0,4574824.0,63103.0,-74817.0,-7539142.0,566083.0,0.0
FNKO,2022,1.1962726770828658,473172000.0,19200000.0,361397000.0,701456000.0,47919000.0,-59148000.0,-8035000.0,10334000.0,0.21
FOLD,2022,1.17771638585848,423816000.0,148813000.0,139018000.0,601120000.0,5342000.0,-3766000.0,-236568000.0,37119000.0,0.02
FONR,2022,0.30892616050575533,125660837.0,51279707.0,15624373.0,49754747.0,8804953.0,-4337655.0,9375776.0,50131.0,0.23
FOR,2022,1.0014832415683015,305100000.0,264800000.0,391700000.0,1143700000.0,2700000.0,-3500000.0,178800000.0,,0.242
FORA,2022,0.5755305536703925,26916028.0,2795743.0,8352575.0,33835691.0,67181.0,-47678.0,-25971971.0,846100.0,0.0013
FORD,2022,0.7420718681153111,14336823.0,2575522.0,9977764.0,14672588.0,309239.0,-169631.0,-1378251.0,123411.0,0.005
FORM,2022,1.4724228830176462,474552000.0,109130000.0,149667000.0,199943000.0,38037000.0,-65254000.0,50738000.0,579000.0,0.123
FORR,2022,0.7975798996922491,235290000.0,103629000.0,269389000.0,386782000.0,36941000.0,-5663000.0,21806000.0,2461000.0,0.29
FORTY,2022,0.7693774194392374,1371499000.0,544342000.0,1000987000.0,1617033000.0,115308000.0,-39315000.0,81393000.0,18434000.0,0.215165
FOSL,2022,1.8507648646813533,945300000.0,198726000.0,425920000.0,835119000.0,23333000.0,-13262000.0,-44157000.0,19237000.0,0.21
FOUR,2022,1.9289925785540343,991700000.0,702500000.0,268300000.0,2073400000.0,149100000.0,-380000000.0,75100000.0,32500000.0,0.002
FOX,2022,0.7528578806292497,7257000000.0,4272000000.0,3763000000.0,11208000000.0,411000000.0,-357000000.0,1239000000.0,349000000.0,0.28
FOXA,2022,0.7369788597461782,7257000000.0,4272000000.0,3763000000.0,11208000000.0,411000000.0,-357000000.0,1239000000.0,349000000.0,0.28
FOXF,2022,1.498197072388526,797674000.0,145250000.0,258889000.0,496950000.0,49242000.0,-43701000.0,205278000.0,8939000.0,0.122
FOXO,2022,1.2409528273094568,12304000.0,5515000.0,6913000.0,28700000.0,1515000.0,-1870000.0,-95255000.0,1440000.0,0.0
FOXX,2022,0.014361865037866147,605637.0,21742.0,1235901.0,1235901.0,305.0,,144618.0,0.0,0.011
FPAY,2022,0.7901419443705296,109685473.0,6051713.0,12228312.0,117254837.0,77326045.0,-6498115.0,13631719.0,11161396.0,0.21
FRD,2022,0.5274437612264083,143656000.0,2992000.0,45088000.0,83880000.0,2526000.0,-16454000.0,21344000.0,2218000.0,0.242
FRES,2022,0.6315439747989811,23549000.0,9251000.0,62906000.0,66171000.0,3910000.0,-3973000.0,-118695000.0,4257000.0,0.009731
FREY,2022,1.4940546354818112,582791000.0,563956000.0,25797000.0,81548000.0,120000.0,-13775000.0,-93378000.0,3000.0,0.0
FRGE,2022,0.9694518864846706,206888000.0,193136000.0,26385000.0,38268000.0,10025000.0,-6650000.0,-111859000.0,,0.21
FRGT,2022,0.4058070222313555,9458749.0,1013000.0,7284148.0,7284148.0,243334.0,-380578.0,-8187182.0,907013.0,0.21
FRHC,2022,1.198370657795099,4958644000.0,581417000.0,3638030000.0,4313822000.0,5138000.0,-38542000.0,205140000.0,208947000.0,0.181
FRO,2022,0.5852701350155926,881050000.0,254525000.0,391659000.0,2508544000.0,162364000.0,-335815000.0,475537000.0,98712000.0,0.000866
FRPT,2022,1.3833454461400945,261965000.0,132735000.0,89614000.0,93814000.0,34555000.0,-230071000.0,-59494000.0,5208000.0,0.21
FRT,2022,0.8530531781609663,292662000.0,85558000.0,309111000.0,5021606000.0,302409000.0,-416701000.0,385491000.0,136989000.0,0.21
FRZA,2022,1.087110238222448,13286934.0,12767199.0,453191.0,521723.0,59965.0,-606726.0,-3630081.0,3286.0,0.0
FSI,2022,0.7329255057924937,30994683.0,6115099.0,10302156.0,16348222.0,1327476.0,-1981307.0,7021604.0,292949.0,0.018559
FSLR,2022,0.9262149457565748,3791421000.0,1481269000.0,1038048000.0,2415173000.0,269724000.0,-903605000.0,-44166000.0,12225000.0,0.21
FSLY,2022,2.37653186516592,636483000.0,143391000.0,152321000.0,940955000.0,64315000.0,-80318000.0,-190774000.0,5887000.0,0.21
FSP,2022,0.7275410323440911,81335000.0,3739000.0,50366000.0,472930000.0,65579000.0,-54910000.0,1094000.0,22808000.0,0.157165
FSS,2022,0.798092939233776,531400000.0,47500000.0,180500000.0,663400000.0,54700000.0,-53000000.0,120400000.0,10300000.0,0.202
FSTR,2022,0.4284335132458432,205732000.0,2882000.0,103111000.0,227712000.0,14779000.0,-7633000.0,-45564000.0,3340000.0,0.21
FSV,2022,1.0373854144525894,1108872000.0,136219000.0,636989000.0,1633619000.0,110140000.0,-77609000.0,121074000.0,25191000.0,0.25
FTAI,2022,1.24454107324221,216708000.0,33565000.0,86452000.0,2410175000.0,230371000.0,-813652000.0,-193210000.0,169194000.0,0.21
FTAIN,2022,0.34330795616312987,216708000.0,33565000.0,86452000.0,2410175000.0,230371000.0,-813652000.0,-193210000.0,169194000.0,0.21
FTAIO,2022,0.31611592246074216,216708000.0,33565000.0,86452000.0,2410175000.0,230371000.0,-813652000.0,-193210000.0,169194000.0,0.21
FTAIP,2022,0.30196599607870306,216708000.0,33565000.0,86452000.0,2410175000.0,230371000.0,-813652000.0,-193210000.0,169194000.0,0.21
FTCI,2022,2.1515417854174275,118690000.0,44385000.0,60340000.0,67948000.0,900000.0,-985000.0,-99613000.0,978000.0,0.21
FTDR,2022,0.8455280444173148,330000000.0,292000000.0,364000000.0,1021000000.0,34000000.0,-40000000.0,71000000.0,31000000.0,0.238
FTEK,2022,0.7056593836340458,35825000.0,23328000.0,4766000.0,5283000.0,440000.0,-206000.0,-1442000.0,17000.0,0.21
FTFT,2022,1.3768875393450495,65258471.0,26071338.0,18571116.0,19332078.0,248703.0,-1157455.0,-13627545.0,0.0,0.21
FTHM,2022,1.673934380389833,18816000.0,8320000.0,12499000.0,18166000.0,5346000.0,-4057000.0,-27626000.0,,0.002
FTI,2022,0.9179679831874369,4988700000.0,1057100000.0,4174300000.0,6167600000.0,377200000.0,-157900000.0,-107200000.0,138700000.0,0.21
FTK,2022,0.9030710366602448,80074000.0,12290000.0,151371000.0,162214000.0,734000.0,-421000.0,-42305000.0,7051000.0,0.001
FTLF,2022,0.12438739597718831,23203000.0,13277000.0,4270000.0,4319000.0,66000.0,,4429000.0,0.0,0.239265
FTNT,2022,1.5789250552546816,3810400000.0,1682900000.0,3078400000.0,6509600000.0,104300000.0,-281200000.0,857300000.0,18000000.0,0.03
FTS,2022,0.36873480870321457,4269000000.0,209000000.0,6617000000.0,41410000000.0,1668000000.0,-3865000000.0,1394000000.0,1102000000.0,0.16
FTV,2022,1.0346792762422752,2477000000.0,709200000.0,2727100000.0,6202000000.0,465600000.0,-95800000.0,755200000.0,98300000.0,0.135
FUBO,2022,2.5673130806748334,436902000.0,337087000.0,438754000.0,874444000.0,39809000.0,-5987000.0,-561477000.0,16670000.0,0.0039
FUFU,2022,0.004521220572782495,87573253.0,60430786.0,82061006.0,191496147.0,18156453.0,-14680116.0,2442634.0,2517119.0,0.17
FUL,2022,0.9675373691788652,1299375000.0,79910000.0,705732000.0,2852835000.0,146976000.0,-129964000.0,180313000.0,91521000.0,0.306
FUN,2022,0.7736809526859589,243759000.0,101189000.0,396972000.0,2827499000.0,153274000.0,-183352000.0,307668000.0,151940000.0,0.172172
FURY,2022,0.6247901620648291,11862000.0,10309000.0,1308000.0,5806000.0,341000.0,-1281000.0,24908000.0,115000.0,0.2621
FUTU,2022,1.54839106141597,93064302000.0,5028898000.0,73525704000.0,73641051000.0,149647000.0,-90520000.0,2926944000.0,292503000.0,0.123254
FVRR,2022,2.291359106876936,625221000.0,86752000.0,197098000.0,658070000.0,10185000.0,-2373000.0,-71487000.0,8912000.0,0.21
FWONA,2022,0.724641833368683,2023000000.0,1733000000.0,833000000.0,4081000000.0,362000000.0,-291000000.0,558000000.0,149000000.0,0.21
FWONK,2022,0.7639379998932364,2023000000.0,1733000000.0,833000000.0,4081000000.0,362000000.0,-291000000.0,558000000.0,149000000.0,0.21
FWRD,2022,1.0336018791341508,304315000.0,45822000.0,169398000.0,500832000.0,42552000.0,-39254000.0,193191000.0,5138000.0,0.26
FWRG,2022,1.2534496818155787,67288000.0,49672000.0,99980000.0,581311000.0,34230000.0,-63330000.0,6907000.0,5232000.0,0.21
FYBR,2022,1.143537426701013,2597000000.0,322000000.0,2295000000.0,13490000000.0,1182000000.0,-2738000000.0,441000000.0,492000000.0,0.264
G,2022,0.8224032040420842,1779492000.0,646765000.0,1103321000.0,2762656000.0,129516000.0,-54389000.0,353404000.0,58103000.0,0.24
GAIA,2022,0.697972356406487,17173000.0,11562000.0,27373000.0,49319000.0,15938000.0,-8417000.0,-3891000.0,257000.0,0.21
GAMB,2022,0.8349128502026703,41961000.0,29664000.0,31708000.0,51766000.0,6959000.0,-9288000.0,2390000.0,971000.0,0.176
GAME,2022,0.9453648692822022,10096760.0,977413.0,10520601.0,12938145.0,2615954.0,-31251.0,-18120846.0,169570.0,0.016558
GAN,2022,1.7676186561791964,67630000.0,45920000.0,32532000.0,82312000.0,23276000.0,-19103000.0,-197498000.0,,0.21
GAP,2022,1.4574209982607176,4617000000.0,1215000000.0,3256000000.0,9153000000.0,540000000.0,-685000000.0,-202000000.0,88000000.0,0.21
GASS,2022,0.7219830032558672,104726221.0,55770823.0,56557682.0,303607956.0,27814901.0,-24230937.0,34253365.0,12076300.0,0.22
GATO,2022,1.6013042882994721,35648000.0,17004000.0,26358000.0,35019000.0,69380000.0,-81952000.0,14529000.0,433000.0,0.097241
GATX,2022,0.7452758269878853,727400000.0,303700000.0,219500000.0,8042400000.0,371300000.0,-1255800000.0,155900000.0,214000000.0,0.309
GAU,2022,0.6882188305723919,58605000.0,56111000.0,1474000.0,6203000.0,146000.0,-4000.0,40809000.0,25000.0,0.2621
GB,2022,0.56983690437306,470651000.0,240546000.0,392563000.0,1150953000.0,51028000.0,-33882000.0,-25621000.0,31482000.0,0.047
GBIO,2022,1.8446131632016536,287016000.0,93171000.0,19150000.0,93771000.0,5130000.0,-8801000.0,-136639000.0,,0.0
GBR,2022,0.7681482318521947,466000.0,436000.0,63000.0,63000.0,12000.0,,181000.0,0.0,0.0
GBTG,2022,0.12238900918282317,1234000000.0,303000000.0,773000000.0,2357000000.0,182000000.0,-94000000.0,-25000000.0,98000000.0,0.2126
GBX,2022,0.98699235415938,1919200000.0,543000000.0,965300000.0,2394700000.0,102000000.0,-380700000.0,46900000.0,55700000.0,0.299
GCI,2022,1.3153552577471443,507777000.0,94255000.0,617038000.0,2098182000.0,182022000.0,-45376000.0,-78002000.0,108366000.0,0.21
GCMG,2022,0.6749993532293388,133480000.0,85163000.0,64588000.0,582939000.0,3856000.0,-782000.0,19820000.0,23314000.0,0.11
GCO,2022,1.227480663989619,572669000.0,47990000.0,360783000.0,849460000.0,42818000.0,-59934000.0,71915000.0,2920000.0,0.198
GCT,2022,0.027402069714857032,258122000.0,143531000.0,102638000.0,223435000.0,1386000.0,-709000.0,23972000.0,568000.0,0.230779
GCTK,2022,0.17140217933787144,2379000.0,2312000.0,1013000.0,1208000.0,23000.0,-1000.0,-4435000.0,,0.0
GCTS,2022,-0.00484372823025193,13303000.0,1251000.0,103778000.0,505063000.0,1287000.0,-637000.0,-26412000.0,3364000.0,0.21
GD,2022,0.5924426640401304,21063000000.0,1242000000.0,15341000000.0,33017000000.0,884000000.0,-1114000000.0,3390000000.0,391000000.0,0.16
GDC,2022,0.8612633345228082,1609921.0,389108.0,333784.0,333784.0,718.0,-6566.0,-30821955.0,0.0,0.0
GDDY,2022,1.1385955571716873,1582600000.0,774000000.0,2459800000.0,7302800000.0,194600000.0,-60100000.0,352200000.0,146300000.0,0.010098
GDEN,2022,1.3279892096879644,244573000.0,136889000.0,132702000.0,1155750000.0,100123000.0,-51419000.0,82346000.0,63490000.0,0.0063
GDEV,2022,0.0973373056457005,188866000.0,86774000.0,332402000.0,470820000.0,6901000.0,-1058000.0,7303000.0,482000.0,0.336616
GDOT,2022,1.1745555731175343,1465832000.0,813945000.0,3961671000.0,4007695000.0,80610000.0,-84326000.0,64212000.0,255000.0,0.235
GDRX,2022,2.1938178400642916,919686000.0,757165000.0,76320000.0,789804000.0,54177000.0,-55214000.0,-32828000.0,34243000.0,0.21
GDS,2022,2.134694557193117,11951076000.0,8608131000.0,10603375000.0,50629299000.0,3290922000.0,-10134504000.0,-1458673000.0,1887887000.0,0.25
GE,2022,0.9958639498017473,58382000000.0,15810000000.0,49428000000.0,153939000000.0,2902000000.0,-1174000000.0,339000000.0,1477000000.0,0.004
GEG,2022,0.15935060589605887,123138000.0,60165000.0,7377000.0,72051000.0,1152000.0,-53000.0,27730000.0,6074000.0,0.013625
GEHC,2022,0.45507924626362084,8318000000.0,1440000000.0,7191000000.0,17947000000.0,633000000.0,-310000000.0,1916000000.0,86000000.0,0.224
GEL,2022,0.93565230859557,853047000.0,7930000.0,709107000.0,4590530000.0,296205000.0,-424195000.0,75457000.0,217677000.0,0.024
GEN,2022,0.6124157762977591,1233000000.0,750000000.0,2849000000.0,13747000000.0,329000000.0,-6000000.0,1349000000.0,401000000.0,0.21
GENI,2022,1.792215155218156,236517000.0,122715000.0,171140000.0,196521000.0,68529000.0,-47550000.0,-181636000.0,1487000.0,0.19
GEO,2022,0.8016332306892198,555008000.0,95073000.0,437212000.0,2595295000.0,132925000.0,-90026000.0,171813000.0,164550000.0,0.274
GEOS,2022,0.4623018816304179,59961000.0,16109000.0,12627000.0,13409000.0,19560000.0,-5962000.0,-22856000.0,65000.0,0.21
GERN,2022,1.3364255746211169,180246000.0,56845000.0,76694000.0,110577000.0,868000.0,-431000.0,-141901000.0,6882000.0,0.0
GES,2022,1.47581347780778,1211705000.0,275765000.0,763052000.0,1843543000.0,61467000.0,-89503000.0,149610000.0,13190000.0,0.184
GETY,2022,0.3346605676202684,269519000.0,97912000.0,322495000.0,1875135000.0,93219000.0,-59291000.0,-77554000.0,117229000.0,0.21
GEVO,2022,2.1734849777327496,415422000.0,237125000.0,25436000.0,95271000.0,7887000.0,-84087000.0,-98007000.0,1167000.0,0.0
GFAI,2022,0.950605614681193,35263064.0,6930639.0,19212766.0,42034672.0,5981407.0,-7644931.0,-18564794.0,1141830.0,0.17
GFF,2022,1.137887578468929,1214672000.0,120184000.0,423579000.0,2338904000.0,64658000.0,-42488000.0,-191558000.0,84379000.0,0.21
GFI,2022,0.5954359176773949,1802400000.0,769400000.0,785400000.0,2998600000.0,844300000.0,-1069300000.0,711000000.0,72500000.0,0.38
GFL,2022,1.1385297580803053,1383100000.0,82100000.0,2692100000.0,13723500000.0,1525500000.0,-765200000.0,-311800000.0,427100000.0,0.2621
GFS,2022,1.664256100026965,5800000000.0,2352000000.0,3359000000.0,7881000000.0,1623000000.0,-3059000000.0,1448000000.0,92000000.0,0.056136
GGB,2022,0.8094436196398812,31257422000.0,2475863000.0,13462581000.0,27500459000.0,2866699000.0,-4481255000.0,11425512000.0,964607000.0,0.27615
GGG,2022,0.8958775147141341,1205620000.0,339196000.0,399917000.0,579248000.0,65997000.0,-201161000.0,460645000.0,9897000.0,0.19
GGR,2022,1.2205997947687892,397905000.0,236100000.0,248166000.0,574449000.0,94807000.0,-123692000.0,-98908000.0,11771000.0,0.2
GH,2022,2.186401756591828,1191594000.0,141647000.0,193220000.0,1549805000.0,35962000.0,-77461000.0,-654588000.0,2577000.0,0.21
GHC,2022,0.664728375226668,1679256000.0,169319000.0,1145169000.0,2800716000.0,328706000.0,-82684000.0,67079000.0,54403000.0,0.21
GHG,2022,0.8582355750986582,1814583652.0,699244375.0,1544078776.0,4025502387.0,125338901.0,-83831398.0,-425153181.0,27987842.0,0.087
GHM,2022,0.45179268562433805,110070000.0,18257000.0,86166000.0,106985000.0,5987000.0,-3749000.0,367000.0,939000.0,0.35
GHRS,2022,1.2991552275022755,168541000.0,165955000.0,4546000.0,4546000.0,47000.0,-67000.0,-22456000.0,0.0,0.0
GHSI,2022,1.077465607006425,21637197.0,10655490.0,4011546.0,8518146.0,1248789.0,-5569.0,-14922228.0,,0.0
GIB,2022,0.8107145881896278,4349047000.0,966458000.0,3649331000.0,7902696000.0,474622000.0,-293757000.0,1466142000.0,86804000.0,0.255
GIC,2022,1.2242778223438113,325700000.0,28500000.0,153100000.0,244800000.0,3900000.0,-7400000.0,78800000.0,1100000.0,0.248
GIFT,2022,0.18848116499064985,8577355.0,2040680.0,34383438.0,34450128.0,4702602.0,-1000479.0,-8324579.0,2723332.0,0.0
GIGM,2022,0.3500969261035497,47826000.0,38794000.0,2637000.0,3530000.0,33000.0,-70000.0,-2752000.0,,0.0
GIII,2022,1.496768016114769,1652500000.0,191652000.0,579069000.0,1327807000.0,27762000.0,-21612000.0,-133061000.0,56602000.0,0.027
GIL,2022,1.1446560099401997,1726952000.0,150417000.0,641673000.0,1558052000.0,124926000.0,-244554000.0,541540000.0,28763000.0,0.044
GILD,2022,0.5096363717588264,14443000000.0,5412000000.0,11238000000.0,41962000000.0,2103000000.0,-728000000.0,4592000000.0,935000000.0,0.215
GILT,2022,0.8441811772895951,215054000.0,86591000.0,125787000.0,141286000.0,11608000.0,-12793000.0,-5928000.0,0.0,0.23
GIPR,2022,0.016210451384989465,4165942.0,3718496.0,3553452.0,47283591.0,2008200.0,-12850360.0,-3237640.0,1620237.0,0.0
GIS,2022,0.24793610815137854,5176400000.0,585500000.0,7535700000.0,20751700000.0,546600000.0,-689500000.0,2593900000.0,396100000.0,0.195
GKOS,2022,1.1913569744939119,443859000.0,119525000.0,72359000.0,472378000.0,35946000.0,-30265000.0,-99195000.0,13720000.0,0.21
GLBE,2022,2.5345427400685607,374652000.0,165033000.0,209580000.0,234479000.0,178465000.0,-8352000.0,-195405000.0,12093000.0,0.029849
GLBS,2022,1.0498447977530518,62327000.0,52833000.0,16902000.0,54760000.0,10246000.0,-29383000.0,24280000.0,2266000.0,0.22
GLDD,2022,0.778293848735546,182841000.0,6546000.0,160333000.0,613560000.0,46273000.0,-143006000.0,-34055000.0,14108000.0,0.213
GLDG,2022,0.9282016973153641,9198000.0,8325000.0,10989000.0,12238000.0,210000.0,-145000.0,-13200000.0,1748000.0,0.083906
GLNG,2022,0.7413918751997101,1258506000.0,878838000.0,414412000.0,1379386000.0,51712000.0,-267421000.0,787773000.0,20058000.0,0.21
GLOB,2022,1.6972479288161797,857613000.0,292457000.0,428589000.0,639629000.0,107933000.0,-95430000.0,148891000.0,14035000.0,0.225
GLP,2022,0.6639262544433113,1169259000.0,4040000.0,971481000.0,2372441000.0,104796000.0,-106797000.0,362207000.0,81259000.0,0.044
GLPG,2022,0.6686952744216633,4236850000.0,508117000.0,522538000.0,2208325000.0,65566000.0,-36947000.0,-217991000.0,9155000.0,0.25
GLPI,2022,0.7459931503418854,2142278000.0,239083000.0,420374000.0,6812290000.0,254547000.0,-24024000.0,684653000.0,309291000.0,0.024
GLTO,2022,0.9095180311425405,63910000.0,32786000.0,11107000.0,11435000.0,490000.0,-196000.0,-61624000.0,,0.0
GLUE,2022,1.9767114730751836,275886000.0,54912000.0,25569000.0,70976000.0,3745000.0,-12911000.0,-108501000.0,,0.0
GLW,2022,0.9864650735562601,7453000000.0,1671000000.0,5175000000.0,17224000000.0,1452000000.0,-1604000000.0,1316000000.0,292000000.0,0.229
GM,2022,1.3593225548473162,100451000000.0,19153000000.0,91173000000.0,191753000000.0,11290000000.0,-21187000000.0,9934000000.0,987000000.0,0.163
GMAB,2022,0.8554660974678335,28218000000.0,9893000000.0,1823000000.0,2837000000.0,362000000.0,-317000000.0,5452000000.0,21000000.0,0.214975
GME,2022,2.0138639619088328,2323700000.0,1139000000.0,1339100000.0,1791100000.0,61700000.0,-55900000.0,-313100000.0,,0.21
GMED,2022,0.9802746433944219,983344000.0,150466000.0,159204000.0,229753000.0,68252000.0,-74047000.0,190169000.0,,0.217
GMGI,2022,0.4712087671529851,19288950.0,14949673.0,2715154.0,2774932.0,407435.0,-158361.0,-250038.0,0.0,0.21
GMRE,2022,0.8201563778273796,30528000.0,4016000.0,670528000.0,744195000.0,57662000.0,-156201000.0,19142000.0,25230000.0,0.21
GMS,2022,1.3139016019651801,1549523000.0,164745000.0,706281000.0,1992251000.0,126907000.0,-52672000.0,332991000.0,65843000.0,0.256
GNE,2022,0.39972383831865166,227633000.0,98571000.0,99198000.0,103971000.0,385000.0,-1019000.0,87805000.0,129000.0,0.271365
GNFT,2022,0.6250236730597675,158459000.0,136000000.0,39370000.0,121012000.0,1832000.0,,-23719000.0,4410000.0,0.004867
GNK,2022,0.6640057380255944,125430000.0,58142000.0,36540000.0,205557000.0,61607000.0,-56039000.0,158576000.0,9094000.0,0.21
GNL,2022,0.709341241001553,177946000.0,103335000.0,727685000.0,2507907000.0,158860000.0,-29942000.0,12023000.0,97510000.0,0.21
GNLN,2022,1.2844999708212979,76703000.0,6458000.0,35659000.0,50694000.0,7405000.0,-2784000.0,-169509000.0,2450000.0,7.1e-05
GNPX,2022,1.3983135628156818,21473145.0,20954069.0,2810287.0,2810287.0,25575.0,-59735.0,-23740621.0,,0.0
GNRC,2022,1.90728420423763,2182348000.0,132723000.0,992044000.0,2799736000.0,156141000.0,-86188000.0,350267000.0,54826000.0,0.196
GNS,2022,0.6457981108626626,24250447.0,5720569.0,23377454.0,77304791.0,2350640.0,-1246031.0,-55800418.0,1338856.0,0.018637
GNTA,2022,0.6373997026071297,31721368.0,29794856.0,2183513.0,2299694.0,6140.0,-27070.0,-8477763.0,,0.0
GO,2022,0.49386651758397104,467357000.0,102728000.0,280514000.0,1662190000.0,78251000.0,-147068000.0,65052000.0,19092000.0,0.141
GOCO,2022,1.8070566303459312,414556000.0,16464000.0,265455000.0,1067589000.0,107002000.0,-13512000.0,-148706000.0,57069000.0,0.21
GOEV,2022,1.8397359401468265,291306000.0,224721000.0,136192000.0,179075000.0,8921000.0,-136594000.0,-346768000.0,,0.0
GOGL,2022,0.7861495326786976,299147000.0,134784000.0,211628000.0,1340258000.0,129839000.0,-61031000.0,461847000.0,50357000.0,0.00082
GOGO,2022,0.9549158778551923,324149000.0,150550000.0,84370000.0,861395000.0,12580000.0,-49914000.0,92059000.0,44143000.0,0.129
GOLD,2022,0.503894125453547,8465000000.0,4440000000.0,3120000000.0,14676000000.0,1997000000.0,-3049000000.0,432000000.0,341000000.0,0.395003
GOLF,2022,0.934493345431414,1059076000.0,58904000.0,548625000.0,1210441000.0,41706000.0,-126364000.0,199278000.0,14012000.0,0.209
GOOG,2022,1.338262323814584,164795000000.0,21879000000.0,69300000000.0,109120000000.0,13475000000.0,-31485000000.0,59972000000.0,357000000.0,0.159
GOOGL,2022,1.3424958336441069,164795000000.0,21879000000.0,69300000000.0,109120000000.0,13475000000.0,-31485000000.0,59972000000.0,357000000.0,0.159
GOOS,2022,1.8456275623447094,863200000.0,286500000.0,352400000.0,1112500000.0,109100000.0,-48100000.0,72700000.0,32100000.0,0.263
GORO,2022,0.505902071994793,46099000.0,23675000.0,24682000.0,98334000.0,27364000.0,-18233000.0,-6321000.0,906000.0,0.21
GORV,2022,0.7160789302969688,476849000.0,61687000.0,399625000.0,538723000.0,16758000.0,-39884000.0,66393000.0,16592000.0,0.224
GOSS,2022,1.110137332662487,261880000.0,111973000.0,49230000.0,260373000.0,4429000.0,-475000.0,-229378000.0,13880000.0,0.0
GOVX,2022,1.5305770418112083,28938730.0,27612732.0,4747894.0,4747894.0,56284.0,-134258.0,-14021125.0,0.0,0.0
GP,2022,1.550078285875951,54156170.0,600402.0,26500278.0,35863177.0,1219223.0,-355993.0,-15043857.0,1549769.0,0.0
GPC,2022,0.7189920790228823,8816739000.0,653463000.0,7686110000.0,12690932000.0,347819000.0,-339632000.0,1182701000.0,73887000.0,0.248
GPI,2022,1.0377373814531312,1985300000.0,47900000.0,1921400000.0,4479900000.0,89300000.0,-155500000.0,751500000.0,104800000.0,0.235
GPK,2022,0.7521637811189732,2706000000.0,150000000.0,1933000000.0,8178000000.0,553000000.0,-549000000.0,522000000.0,197000000.0,0.272
GPN,2022,1.1821445710749772,6314148000.0,1997566000.0,6898691000.0,22268804000.0,1662455000.0,-615652000.0,111493000.0,449433000.0,0.21
GPRE,2022,1.3559531252620187,928750000.0,444661000.0,486922000.0,1062065000.0,92698000.0,-212366000.0,-127218000.0,32642000.0,0.21
GPRK,2022,0.7382062744595407,238144000.0,128843000.0,229155000.0,858390000.0,96692000.0,-168808000.0,224435000.0,42386000.0,0.35
GPRO,2022,1.306728490640598,606027000.0,223735000.0,275928000.0,465366000.0,8570000.0,-3447000.0,28847000.0,6242000.0,0.163
GPUS,2022,2.1055453134495905,196309000.0,7942000.0,225325000.0,337526000.0,16421000.0,-99305000.0,-181816000.0,37342000.0,0.023
GRAB,2022,1.399443823046604,5688000000.0,1952000000.0,1097000000.0,2513000000.0,150000000.0,-74000000.0,-1683000000.0,165000000.0,0.17
GRABW,2022,1.6774444145386496,5688000000.0,1952000000.0,1097000000.0,2513000000.0,150000000.0,-74000000.0,-1683000000.0,165000000.0,0.17
GRC,2022,0.7214826017887394,225526000.0,6783000.0,85213000.0,541636000.0,21158000.0,-17986000.0,11195000.0,19240000.0,0.193
GREE,2022,2.2026539863607693,33058000.0,15217000.0,98722000.0,210814000.0,35136000.0,-132950000.0,-271068000.0,21575000.0,0.21
GRFS,2022,0.7225937852219417,4653587000.0,547979000.0,1955847000.0,13076433000.0,407864000.0,-375560000.0,208279000.0,444543000.0,0.249
GRFX,2022,0.5524620188289046,235118000.0,31470000.0,286192000.0,532131000.0,73213000.0,-1754000.0,-98491000.0,71656000.0,0.032
GRI,2022,0.26510698334396277,312000.0,9000.0,1994000.0,2008000.0,3000.0,-3000.0,-3217000.0,653000.0,0.0
GRND,2022,0.23058969982926403,43184000.0,8725000.0,61854000.0,434776000.0,37505000.0,-5585000.0,852000.0,31538000.0,0.21
GRNQ,2022,1.1205404251765527,5288489.0,3873069.0,3060988.0,3060988.0,238502.0,-3016.0,-6350872.0,0.0,0.0
GROV,2022,0.8017550857382473,142010000.0,81084000.0,57473000.0,147512000.0,5716000.0,-4222000.0,-87715000.0,9685000.0,0.21
GROW,2022,0.8947212447392826,40374000.0,25401000.0,2939000.0,3652000.0,-246000.0,-14000.0,3149000.0,4000.0,0.228753
GROY,2022,1.1968200367525994,16957000.0,7048000.0,7211000.0,152395000.0,72000.0,-19710000.0,-17346000.0,633000.0,0.000864
GRPN,2022,1.6478794220833757,367351000.0,281279000.0,531440000.0,784259000.0,62663000.0,-38845000.0,-237609000.0,14380000.0,0.21
GRRR,2022,0.06215107267230935,47753336.0,22996377.0,28256667.0,36717695.0,7625785.0,-3008342.0,-87537224.0,835273.0,0.2
GRTS,2022,1.6601493362512312,182878000.0,55498000.0,34801000.0,69973000.0,6560000.0,-5872000.0,-119687000.0,1235000.0,0.0
GRVY,2022,1.078228146302721,421767000000.0,169877000000.0,105710000000.0,113914000000.0,7062000000.0,-2795000000.0,83162000000.0,127000000.0,0.24
GRWG,2022,2.1779631312052827,170681000.0,40054000.0,35794000.0,77046000.0,17132000.0,-12896000.0,-163747000.0,21000.0,0.02
GRYP,2022,1.3394686307210477,17431000.0,916000.0,6862000.0,19583000.0,7834712.0,-4377144.0,-79057610.0,853566.0,0.014924
GSAT,2022,1.405236989626953,81244000.0,32082000.0,197076000.0,423698000.0,93884000.0,-39952000.0,-256915000.0,,0.21
GSK,2022,0.38344864035466336,20769000000.0,3523000000.0,22810000000.0,50050000000.0,2147000000.0,-2258000000.0,14956000000.0,826000000.0,0.126
GSL,2022,0.8953033361724078,237047000.0,120130000.0,261766000.0,1139724000.0,81303000.0,-9232000.0,292925000.0,75289000.0,0.19
GSM,2022,1.706225428205908,1286821000.0,317935000.0,678497000.0,1201027000.0,81559000.0,-53294000.0,440314000.0,52107000.0,0.250051
GSUN,2022,1.2968013693073719,22115688.0,20347501.0,12568684.0,14705467.0,169808.0,-174074.0,-2139320.0,213894.0,0.25
GT,2022,1.82351493755593,8665000000.0,1227000000.0,7140000000.0,16965000000.0,964000000.0,-1061000000.0,202000000.0,451000000.0,0.21
GTE,2022,0.7969838160952959,168587000.0,126873000.0,241639000.0,918044000.0,180280000.0,-236604000.0,139029000.0,42965000.0,0.35
GTEC,2022,0.8051579199634625,125908498.0,16295695.0,66208689.0,75680957.0,2436114.0,,745553.0,402968.0,0.155405
GTES,2022,1.1133257232927143,2277400000.0,578400000.0,752300000.0,3748000000.0,217200000.0,-87000000.0,220800000.0,129400000.0,0.058
GTI,2022,-0.0014174530685485958,272.0,248.0,1808.0,1808.0,0.0,,-818.0,0.0,0.0
GTIM,2022,0.5800162045456998,11875000.0,8906000.0,12897000.0,58600000.0,4057000.0,-2641000.0,-2641000.0,54000.0,0.005365
GTLS,2022,1.1758997806108362,3690900000.0,663600000.0,1081600000.0,3217600000.0,81900000.0,-74200000.0,24000000.0,28800000.0,0.161
GTN,2022,0.8835433075521462,857000000.0,61000000.0,409000000.0,8386000000.0,384000000.0,-436000000.0,455000000.0,354000000.0,0.26
GTX,2022,0.5989826963464713,1431000000.0,246000000.0,1375000000.0,2753000000.0,84000000.0,-91000000.0,390000000.0,10000000.0,0.214
GTY,2022,0.5709019952570155,103957000.0,8713000.0,134321000.0,802445000.0,45308000.0,,90043000.0,27662000.0,0.21
GURE,2022,0.40132547648620986,119425371.0,108226214.0,11775765.0,20813137.0,26895952.0,-37560932.0,10059450.0,121402.0,0.395699
GV,2022,1.7758523298224667,22345321.0,651490.0,80456943.0,83482978.0,1394496.0,-62701573.0,-3474512.0,3275505.0,0.194377
GVP,2022,0.8322814988426519,16070000.0,2789000.0,15651000.0,16265000.0,1511000.0,-618000.0,-15343000.0,1272000.0,0.003
GWAV,2022,0.25527615979843005,1239544.0,821804.0,19012924.0,26130608.0,6452485.0,-5936027.0,-35043290.0,34079230.0,0.0
GWH,2022,1.9235287246385127,151636000.0,34767000.0,27993000.0,36579000.0,1523000.0,-14180000.0,-77969000.0,,0.0
GWRE,2022,1.1687556721619032,1099603000.0,401813000.0,373261000.0,828422000.0,24838000.0,-17427000.0,-111855000.0,6716000.0,0.165846
GWRS,2022,0.57043182554057,14158000.0,6561000.0,16249000.0,278692000.0,10071000.0,-33984000.0,5506000.0,4759000.0,0.143
GWW,2022,0.7306646424494537,4977000000.0,325000000.0,2010000000.0,4853000000.0,205000000.0,-256000000.0,1547000000.0,93000000.0,0.248
GXO,2022,1.5889871051915236,2428000000.0,495000000.0,2532000000.0,6541000000.0,329000000.0,-342000000.0,197000000.0,29000000.0,0.242
GYRE,2022,1.4170095539967702,49653000.0,25175000.0,12242000.0,12536000.0,1129000.0,-4998000.0,2302000.0,43337.729915,0.21
H,2022,1.1457870338430687,2250000000.0,991000000.0,3287000000.0,8610000000.0,461000000.0,-201000000.0,455000000.0,150000000.0,0.21
HAE,2022,0.8752890156477933,769722000.0,284466000.0,251816000.0,1116828000.0,93307000.0,-110191000.0,115401000.0,14630000.0,0.184
HAIN,2022,0.9873394869321444,591031000.0,53364000.0,230867000.0,1240732000.0,50777000.0,-27879000.0,-116537000.0,45783000.0,0.109
HALO,2022,0.8481560217027337,739013000.0,234195000.0,130789000.0,1671713000.0,49641000.0,-4810000.0,202129000.0,16947000.0,0.188
HAS,2022,0.8838040164426391,2999100000.0,498600000.0,2189700000.0,6434000000.0,788100000.0,-174200000.0,203500000.0,171000000.0,0.224
HAYN,2022,1.1672452426524418,464422000.0,8440000.0,80879000.0,256807000.0,19069000.0,-15114000.0,45087000.0,2481000.0,0.217
HAYW,2022,1.3840680298183345,612284000.0,56177000.0,232410000.0,1651979000.0,57639000.0,-29625000.0,179347000.0,48500000.0,0.234
HBB,2022,0.6603174001875952,284744000.0,928000.0,101568000.0,264416000.0,4883000.0,-2279000.0,25267000.0,4589000.0,0.221
HBI,2022,1.2188509934506866,3131754000.0,238413000.0,1790630000.0,6105612000.0,106267000.0,-215122000.0,-127204000.0,157073000.0,0.21
HBIO,2022,0.9702469697857113,51124000.0,4508000.0,23249000.0,73140000.0,7575000.0,-1590000.0,-9516000.0,2548000.0,0.21
HBM,2022,1.3498992270041104,524181000.0,225665000.0,447647000.0,2754134000.0,339063000.0,-308960000.0,70382000.0,67663000.0,0.265439
HCA,2022,0.9596285640988934,13643000000.0,908000000.0,9902000000.0,52511000000.0,2969000000.0,-4395000000.0,5643000000.0,1741000000.0,0.203
HCAT,2022,1.7827010268491523,427795000.0,116312000.0,82510000.0,327276000.0,48297000.0,-17414000.0,-137403000.0,7239000.0,0.03
HCC,2022,0.5932404572603748,1173109000.0,829480000.0,153124000.0,580580000.0,,-208742000.0,641298000.0,31433000.0,0.181
HCKT,2022,0.6246171572810134,81166000.0,30255000.0,59601000.0,126715000.0,3437000.0,-4656000.0,40802000.0,144000.0,0.26
HCM,2022,1.3834170349553325,839888000.0,313278000.0,353903000.0,392575000.0,8664000.0,-36664000.0,-360835000.0,652000.0,0.144
HCSG,2022,0.7790116340565755,508632000.0,26279000.0,189014000.0,302557000.0,15316000.0,-5210000.0,34243000.0,2987000.0,0.231
HCTI,2022,0.8607570647108844,7749000.0,1341000.0,6148000.0,8375000.0,3374000.0,-3319000.0,-9610000.0,212000.0,0.0
HCWB,2022,0.293961921352812,34070919.0,22326356.0,2956481.0,9380649.0,717854.0,-10275128.0,-14900703.0,126660.0,0.0
HD,2022,0.9280742902392878,32471000000.0,2757000000.0,23110000000.0,74883000000.0,2975000000.0,-3119000000.0,17105000000.0,1617000000.0,0.239
HDSN,2022,1.2400680671229323,176833000.0,5295000.0,52626000.0,97618000.0,5977000.0,-3659000.0,103801000.0,14327000.0,0.11
HE,2022,0.5024331593101462,8054011000.0,199877000.0,445361000.0,14081745000.0,260744000.0,-329457000.0,243028000.0,99986000.0,0.2
HEAR,2022,1.6571307825002326,135180000.0,11396000.0,64332000.0,74446000.0,5816000.0,-3549000.0,-59546000.0,1220000.0,0.21
HEES,2022,1.3385158684464615,435921000.0,81330000.0,200442000.0,1890657000.0,300970000.0,-515886000.0,132170000.0,54033000.0,0.26
HEI,2022,0.8575367588867715,1152730000.0,139504000.0,420859000.0,1119589000.0,96333000.0,-31982000.0,351675000.0,6386000.0,0.204
HELE,2022,0.9420228540727676,892041000.0,29073000.0,412158000.0,1424904000.0,44683000.0,-174864000.0,143273000.0,40751000.0,0.164
HEPA,2022,0.43432736972930786,56496073.0,51189088.0,7885722.0,10388515.0,77461.0,-16336.0,-42200049.0,10164.0,0.064
HEPS,2022,1.314191409771103,13804922000.0,8676955000.0,12762902000.0,13222505000.0,844891000.0,-1393085000.0,-4790687000.0,560513000.0,0.0
HES,2022,0.786670396686408,3931000000.0,2486000000.0,2396000000.0,13199000000.0,1703000000.0,-2725000000.0,2096000000.0,493000000.0,0.31
HESM,2022,0.6033683511116488,132300000.0,3100000.0,159500000.0,3059200000.0,181300000.0,-238200000.0,83900000.0,149300000.0,0.041
HFFG,2022,1.0619965352897593,197916000.0,24289000.0,163890000.0,341280000.0,24936000.0,-6287000.0,460000.0,7457000.0,0.21
HGBL,2022,0.446120436677445,23892000.0,12667000.0,16226000.0,19261000.0,536000.0,-215000.0,15493000.0,113000.0,0.21
HGV,2022,1.2709441625393398,4126000000.0,223000000.0,1146000000.0,5853000000.0,244000000.0,-97000000.0,352000000.0,142000000.0,0.268191
HHH,2022,1.1672663979588032,1845748000.0,626653000.0,499302000.0,5997351000.0,200310000.0,-2004000.0,184533000.0,110891000.0,0.247
HHS,2022,0.6175432738334822,75375000.0,11911000.0,42442000.0,122853000.0,2559000.0,-3046000.0,36776000.0,438000.0,0.21
HI,2022,1.01124818795069,1402900000.0,232200000.0,1077800000.0,2759500000.0,98600000.0,-38300000.0,208900000.0,64300000.0,0.21
HII,2022,0.4806314444918952,2746000000.0,467000000.0,2895000000.0,7368000000.0,358000000.0,-284000000.0,579000000.0,102000000.0,0.195
HIMS,2022,1.613537821850887,216595000.0,46772000.0,47941000.0,54600000.0,7474000.0,-7247000.0,-65678000.0,,0.000472
HIMX,2022,1.3716059455678435,1336808000.0,221581000.0,693995000.0,807937000.0,21342000.0,-12128000.0,236982000.0,2783000.0,0.149
HITI,2022,1.1473362456968874,64060000.0,25084000.0,59941000.0,112710000.0,30169000.0,-9055000.0,-71756000.0,9948000.0,0.039518
HIVE,2022,2.69785841195632,82492000.0,4373000.0,23068000.0,47302000.0,81730000.0,-42829000.0,-236423000.0,3962000.0,0.4
HIW,2022,0.8118159756707682,414402000.0,21357000.0,301184000.0,3498399000.0,287610000.0,,159058000.0,105385000.0,0.21
HKD,2022,1.164971608198058,379242000.0,15824000.0,13648000.0,15060000.0,846000.0,-233000.0,27493000.0,0.0,0.104953
HL,2022,1.2090951326513981,267727000.0,104743000.0,178466000.0,948205000.0,,-149378000.0,-37348000.0,42793000.0,0.17
HLF,2022,0.9686313722202172,1356100000.0,508000000.0,976600000.0,3997900000.0,115400000.0,-156400000.0,321300000.0,139300000.0,0.244
HLIO,2022,1.0552995657649016,388500000.0,43700000.0,152300000.0,668800000.0,51600000.0,-35000000.0,98400000.0,16700000.0,0.192
HLIT,2022,0.9755542354200711,345299000.0,89586000.0,322072000.0,385512000.0,12260000.0,-9250000.0,28182000.0,5040000.0,0.37
HLLY,2022,1.0240319240737799,324963000.0,26150000.0,101259000.0,833652000.0,30456000.0,-13590000.0,73774000.0,40227000.0,0.057
HLMN,2022,1.0277814287460618,631619000.0,31081000.0,215412000.0,1313951000.0,120010000.0,-69589000.0,-16436000.0,54560000.0,0.21
HLN,2022,0.29680201780364196,4059000000.0,606000000.0,4370000000.0,18358000000.0,287000000.0,-328000000.0,1060000000.0,278000000.0,0.308
HLNE,2022,1.302133542438378,182723000.0,111748000.0,210033000.0,566351000.0,7443000.0,-4747000.0,109120000.0,8617000.0,0.228
HLT,2022,1.1040322607493915,2870000000.0,1209000000.0,3372000000.0,16610000000.0,162000000.0,-102000000.0,1255000000.0,415000000.0,0.275087
HLVX,2022,1.374094271599085,290613000.0,279401000.0,13046000.0,49982000.0,1148000.0,-6514000.0,-159809000.0,3414000.0,0.0
HLX,2022,0.8830598644326213,460589000.0,186604000.0,297955000.0,872629000.0,142686000.0,-33504000.0,-87784000.0,20176000.0,0.168
HMC,2022,0.7437846984861286,9578348000000.0,3803014000000.0,6652124000000.0,13167776000000.0,721630000000.0,-632488000000.0,651416000000.0,36112000000.0,0.184
HMY,2022,0.7240980580647983,7494000000.0,2448000000.0,4975000000.0,16691000000.0,3683000000.0,-6214000000.0,-1052000000.0,718000000.0,0.04
HNI,2022,0.9069230060923061,469200000.0,17400000.0,395100000.0,797700000.0,84200000.0,-68400000.0,123900000.0,8800000.0,0.154
HNNA,2022,0.1964300479281033,61657000.0,58487000.0,4717000.0,57354000.0,207000.0,-216000.0,6190000.0,2122000.0,0.221
HNST,2022,1.7459075079458641,189147000.0,9517000.0,63580000.0,94239000.0,2753000.0,-1617000.0,-49019000.0,,0.21
HOFT,2022,0.6758594493607264,187303000.0,19002000.0,50038000.0,145695000.0,8829000.0,-4199000.0,-4312000.0,519000.0,0.299
HOFV,2022,1.6433510521407573,39395279.0,26016547.0,25299138.0,265038849.0,12037374.0,-95167689.0,-45882504.0,11627867.0,0.0
HOG,2022,1.324141062599292,4750653000.0,1433175000.0,3533907000.0,8585668000.0,151942000.0,-151669000.0,741408000.0,31235000.0,0.206
HOLO,2022,-0.16453242719847927,239460075.0,151119985.0,81120726.0,85227575.0,8433315.0,-1821918.0,-136750888.0,,0.006018
HOLX,2022,0.6667553569863278,3862000000.0,2339500000.0,937700000.0,4195000000.0,430100000.0,-127200000.0,1302000000.0,95100000.0,0.18
HON,2022,0.7826322914832036,24982000000.0,9627000000.0,19938000000.0,44949000000.0,1204000000.0,-766000000.0,4966000000.0,414000000.0,0.221
HOOD,2022,1.8948377950873438,22917000000.0,6339000000.0,16253000000.0,16381000000.0,61000000.0,-57000000.0,-1028000000.0,,0.21
HOOK,2022,1.191068293487083,147196000.0,112488000.0,35632000.0,67937000.0,3602000.0,-5017000.0,-64915000.0,687000.0,0.003
HOUR,2022,1.21220011184539,24457740.0,4562589.0,14663757.0,18899120.0,79084.0,-339518.0,-1477623.0,144479.0,0.2483
HOUS,2022,1.561156369348323,834000000.0,214000000.0,1305000000.0,4616000000.0,214000000.0,-109000000.0,-287000000.0,113000000.0,0.210526
HOV,2022,1.9514370689483018,1896601000.0,326198000.0,549554000.0,2178979000.0,5457000.0,-12592000.0,225490000.0,47343000.0,0.295
HOVNP,2022,0.044185644176743866,1896601000.0,326198000.0,549554000.0,2178979000.0,5457000.0,-12592000.0,225490000.0,47343000.0,0.295
HOWL,2022,1.2498765639892515,140200000.0,129315000.0,23989000.0,37908000.0,1104000.0,-3611000.0,-53810000.0,0.0,0.0
HP,2022,1.0531530680231194,1002944000.0,232131000.0,394810000.0,1590059000.0,403170000.0,-272539000.0,6953000.0,19203000.0,0.21
HPE,2022,1.015305210935635,20506000000.0,4163000000.0,23174000000.0,37214000000.0,2480000000.0,-3122000000.0,868000000.0,188000000.0,0.009
HPH,2022,-0.028163162357165646,394755000.0,194259000.0,167126000.0,203885000.0,20071000.0,-5596000.0,-60667000.0,,0.015018
HPP,2022,1.034939566749149,684270000.0,255761000.0,649763000.0,5444265000.0,367918000.0,-116668000.0,-34971000.0,149901000.0,0.0
HPQ,2022,1.2435715464030161,19736000000.0,3145000000.0,26189000000.0,41519000000.0,780000000.0,-791000000.0,3132000000.0,359000000.0,0.276
HQI,2022,0.5660399382024609,51930000.0,3049000.0,36780000.0,45029000.0,2040000.0,-1477000.0,12458000.0,368000.0,0.137
HQY,2022,0.40960073032243244,382893000.0,254266000.0,131061000.0,1193260000.0,161201000.0,-119127000.0,-26143000.0,48424000.0,0.314
HR,2022,0.5701893625829804,404932000.0,60961000.0,978584000.0,6169813000.0,477777000.0,-163544000.0,40897000.0,139924000.0,0.21
HRB,2022,0.6857950111388121,1187486000.0,986975000.0,938782000.0,3040194000.0,130501000.0,-69698000.0,553700000.0,72978000.0,0.21
HRI,2022,1.5468380823997194,644000000.0,54000000.0,604000000.0,4849000000.0,631000000.0,-1272000000.0,330000000.0,122000000.0,0.24
HRL,2022,0.23859471483047445,3637125000.0,982107000.0,1473266000.0,5766699000.0,235885000.0,-278918000.0,999987000.0,62515000.0,0.217
HRMY,2022,0.8129691336309829,400285000.0,243784000.0,78884000.0,271032000.0,23385000.0,-40172000.0,181468000.0,18795000.0,0.21
HROW,2022,0.6345711216279853,118260000.0,96270000.0,18632000.0,130138000.0,3665000.0,-7773000.0,-14086000.0,7244000.0,0.21
HRTX,2022,2.0116138341276897,205435000.0,15364000.0,82355000.0,237379000.0,2889000.0,-1825000.0,-182024000.0,2474000.0,0.0
HSCS,2022,1.4604269981789026,2696581.0,1660467.0,1832891.0,3056676.0,135453.0,-18308.0,-6354290.0,243174.0,0.0
HSDT,2022,1.1385155677758887,16697000.0,14549000.0,1988000.0,9136000.0,255000.0,-17000.0,-14072000.0,834000.0,0.0
HSIC,2022,0.6146396838061772,3988000000.0,117000000.0,2224000000.0,3936000000.0,212000000.0,-128000000.0,538000000.0,35000000.0,0.235
HST,2022,1.1082530088063427,1374000000.0,667000000.0,1433000000.0,5390000000.0,664000000.0,-504000000.0,633000000.0,156000000.0,0.038864
HSY,2022,0.3096755404126801,2620406000.0,463889000.0,3257154000.0,7649276000.0,378959000.0,-519481000.0,1644817000.0,140095000.0,0.142
HTCO,2022,-0.24949902838696636,33428699.0,21572336.0,23179144.0,25547063.0,42042.0,,12232816.0,101877.0,0.001
HTCR,2022,1.2060923087376891,8535137.0,7177326.0,3647693.0,7330959.0,83333.0,-57071.0,-6677466.0,41800.0,0.0009
HTHT,2022,1.2696907842070406,9178000000.0,3583000000.0,13146000000.0,52704000000.0,1456000000.0,-1053000000.0,-1821000000.0,409000000.0,0.13
HTIA,2022,-0.0008020055212000723,101814000.0,53654000.0,584965000.0,1181159000.0,81439000.0,-27993000.0,-79486000.0,51740000.0,0.21
HTIBP,2022,0.19478068884139416,101814000.0,53654000.0,584965000.0,1181159000.0,81439000.0,-27993000.0,-79486000.0,51740000.0,0.21
HTLD,2022,0.6620499066436403,229782000.0,49462000.0,156757000.0,814011000.0,133047000.0,-160568000.0,133584000.0,8555000.0,0.262
HTOO,2022,1.3758761120690566,38742000.0,5239000.0,25436000.0,36012000.0,1002000.0,-10689000.0,-27347000.0,62000.0,0.125
HTOOW,2022,1.2958680593929062,38742000.0,5239000.0,25436000.0,36012000.0,1002000.0,-10689000.0,-27347000.0,62000.0,0.125
HTZ,2022,1.3900615655128232,2392000000.0,943000000.0,2736000000.0,19852000000.0,951000000.0,-10746000000.0,2059000000.0,328000000.0,0.159249
HUBB,2022,0.8610650906247774,2021400000.0,440500000.0,1088500000.0,3032000000.0,148500000.0,-129300000.0,545900000.0,49600000.0,0.213
HUBC,2022,0.03396202422350271,33198000.0,3994000.0,57836000.0,65983000.0,7791000.0,-624000.0,-81595000.0,1239000.0,0.00954
HUBG,2022,0.9262826992774693,1056700000.0,286642000.0,691770000.0,1210479000.0,153726000.0,-219140000.0,356948000.0,7506000.0,0.237
HUBS,2022,2.173428578328279,1754599000.0,331022000.0,761653000.0,1552514000.0,58150000.0,-91771000.0,-112749000.0,3762000.0,0.21
HUDI,2022,0.48458705092051285,64401855.0,13195999.0,25701961.0,35002586.0,824975.0,-206175.0,1924202.0,1629642.0,0.081571
HUIZ,2022,1.1355424706660269,750739000.0,277168000.0,559066000.0,747589000.0,46215000.0,-16823000.0,-31187000.0,,0.0
HUMA,2022,1.3344752674299207,154208000.0,149772000.0,19580000.0,87374000.0,8210000.0,-1048000.0,-11965000.0,6200000.0,0.0
HUN,2022,0.8924271271096303,3145000000.0,654000000.0,1701000000.0,4380000000.0,281000000.0,-272000000.0,460000000.0,62000000.0,0.27
HURC,2022,0.303451553663828,268069000.0,63922000.0,73336000.0,83593000.0,3918000.0,-2193000.0,8226000.0,27000.0,0.31
HUSA,2022,-1.4627972331493344,4796329.0,4547210.0,195161.0,414309.0,265763.0,-15045.0,-744279.0,0.0,0.0
HUT,2022,2.9401448153832517,37080000.0,21067000.0,100160000.0,157422000.0,11993000.0,-37271000.0,-31803000.0,6919000.0,0.186
HWKN,2022,0.6212850512920497,232044000.0,7566000.0,90871000.0,240519000.0,27440000.0,-48321000.0,60041000.0,5234000.0,0.272953
HWM,2022,1.0739141623561126,3143000000.0,791000000.0,1482000000.0,6654000000.0,265000000.0,-193000000.0,469000000.0,229000000.0,0.226
HXL,2022,1.1399450032698912,734400000.0,112000000.0,329800000.0,1283100000.0,126200000.0,-76300000.0,126300000.0,36200000.0,0.210948
HY,2022,1.0427103720757673,1458700000.0,59000000.0,1342900000.0,1801100000.0,43400000.0,-28800000.0,-74100000.0,28400000.0,0.21
HYFM,2022,2.3253410602083897,154948000.0,21291000.0,41605000.0,223678000.0,41527000.0,-8229000.0,-285415000.0,10958000.0,0.022076
HYLN,2022,1.8577483827804184,324213000.0,119468000.0,14682000.0,23169000.0,1227000.0,-17313000.0,-153357000.0,0.0,0.0
HYMC,2022,0.7038766978498607,152392000.0,141984000.0,12033000.0,185648000.0,3356000.0,-951000.0,-60828000.0,17792000.0,0.0
HYMCL,2022,0.9243175142786165,152392000.0,141984000.0,12033000.0,185648000.0,3356000.0,-951000.0,-60828000.0,17792000.0,0.0
HYZN,2022,1.7700807505287297,312854000.0,60554000.0,45869000.0,67837000.0,3704000.0,-14133000.0,-32186000.0,,0.21
HZO,2022,1.1405926719584656,753997000.0,228274000.0,412772000.0,570105000.0,19418000.0,-58456000.0,197989000.0,3283000.0,0.244
IAC,2022,1.391746200074452,2561135000.0,1417390000.0,1079988000.0,3793866000.0,438704000.0,-139753000.0,-1170170000.0,110165000.0,0.22
IAG,2022,0.893145129843812,1521300000.0,407800000.0,646200000.0,2218300000.0,242000000.0,-744600000.0,-70100000.0,-10100000.0,0.2621
IART,2022,0.866991631571621,1161498000.0,456661000.0,320906000.0,2085355000.0,118299000.0,-47085000.0,180550000.0,49594000.0,0.156
IAS,2022,1.457376079165958,221146000.0,86877000.0,67769000.0,360467000.0,50396000.0,-16689000.0,15373000.0,9053000.0,0.21
IBEX,2022,0.5378290441898603,158607000.0,57429000.0,73261000.0,143360000.0,18985000.0,-18952000.0,31582000.0,792000.0,0.216833
IBIO,2022,1.150593843041148,26259000.0,4301000.0,22109000.0,25826000.0,1380000.0,-5738000.0,-65010000.0,83000.0,0.0
IBKR,2022,0.9052716856009115,103043000000.0,3436000000.0,103382000000.0,103528000000.0,84000000.0,-69000000.0,380000000.0,1018000000.0,0.078
IBM,2022,0.5484486019525077,29118000000.0,7886000000.0,31505000000.0,105222000000.0,4802000000.0,-1972000000.0,1640000000.0,1216000000.0,0.21
IBP,2022,1.267223881283169,884400000.0,229600000.0,328100000.0,1285400000.0,117700000.0,-45600000.0,223400000.0,41600000.0,0.263
IBRX,2022,2.6110070569118387,140577000.0,104641000.0,500861000.0,812176000.0,18260000.0,-99391000.0,-416567000.0,63515000.0,0.21
ICAD,2022,1.1576416087867116,38241000.0,21313000.0,13452000.0,16803000.0,521000.0,-534000.0,-13656000.0,10000.0,0.008
ICCC,2022,0.1621652129559556,13994756.0,5791562.0,3072073.0,14480600.0,2461140.0,-2608649.0,-2493805.0,348536.0,0.0031
ICCM,2022,0.8760110162211958,28130000.0,23659000.0,4336000.0,4766000.0,248000.0,-891000.0,-16978000.0,,0.0
ICE,2022,0.7987817217480859,156947000000.0,1799000000.0,149171000000.0,171577000000.0,1031000000.0,-482000000.0,1446000000.0,616000000.0,0.17
ICFI,2022,0.5798899974234701,466718000.0,11257000.0,415992000.0,1239047000.0,49917000.0,-24475000.0,64243000.0,23281000.0,0.235
ICHR,2022,1.9475488206420324,513458000.0,86470000.0,166292000.0,496246000.0,35100000.0,-29433000.0,72804000.0,11056000.0,0.034
ICL,2022,0.8162840624245469,4548000000.0,417000000.0,2606000000.0,6037000000.0,498000000.0,-747000000.0,2159000000.0,138000000.0,0.35
ICLK,2022,1.2682736275166575,204660000.0,82754000.0,137716000.0,142493000.0,6482000.0,-506000.0,-200875000.0,2057000.0,0.052274
ICLR,2022,1.2330925490436386,3229066000.0,288768000.0,2690601000.0,8687315000.0,569513000.0,-142160000.0,505304000.0,209189000.0,0.105
ICUI,2022,0.9029570473465,1235196000.0,208784000.0,494559000.0,2425713000.0,235151000.0,-99329000.0,-74286000.0,70805000.0,0.351
IDA,2022,0.47624622987746207,693653000.0,177577000.0,548565000.0,4728643000.0,173555000.0,-432589000.0,258982000.0,89375000.0,0.127248
IDAI,2022,1.27435937925669,2874401.0,1254494.0,4447573.0,5786774.0,573755.0,-768353.0,-12091540.0,8890.0,0.0
IDCC,2022,0.9682256980217459,1344675000.0,693479000.0,271346000.0,1169592000.0,78571000.0,-42753000.0,93693000.0,29496000.0,0.217
IDN,2022,0.9900180925115015,13321000.0,5196000.0,4785000.0,4786000.0,285000.0,-192000.0,-4159000.0,5000.0,0.0311
IDR,2022,0.26876512964421007,3360292.0,1638031.0,1630309.0,3270551.0,984083.0,-2144525.0,-2535429.0,102832.0,0.0
IDXX,2022,1.2522614335574067,1101477000.0,112546000.0,1235803000.0,2138028000.0,111900000.0,-158838000.0,679089000.0,39858000.0,0.21
IE,2022,1.2579367782101893,151031000.0,139660000.0,17432000.0,58039000.0,4211000.0,-44411000.0,-149813000.0,972000.0,0.21
IEP,2022,0.31999857398429277,20883000000.0,2337000000.0,3757000000.0,18356000000.0,509000000.0,-338000000.0,-183000000.0,568000000.0,0.21
IESC,2022,0.9422527466956483,624398000.0,24848000.0,401886000.0,544228000.0,25468000.0,-29255000.0,34762000.0,2771000.0,0.241788
IEX,2022,0.8257423286669705,1399300000.0,430200000.0,543600000.0,2472300000.0,119700000.0,-68000000.0,586900000.0,40700000.0,0.217
IFBD,2022,0.7580248694843277,27387458.0,209561.0,24119744.0,24146516.0,1426019.0,-470805.0,-15266979.0,1250000.0,0.005
IFF,2022,0.9352140890034084,7432000000.0,483000000.0,3728000000.0,17778000000.0,1179000000.0,-506000000.0,-1868000000.0,336000000.0,0.21
IFRX,2022,0.6335422607546689,97411058.0,16265354.0,13026036.0,14050220.0,596597.0,-162391.0,-29484611.0,45250.0,0.0
IGT,2022,1.7402183806169782,2129000000.0,590000000.0,1849000000.0,8454000000.0,492000000.0,-317000000.0,275000000.0,302000000.0,0.297
IHG,2022,1.0861989211318857,1678000000.0,929000000.0,1544000000.0,5824000000.0,154000000.0,-99000000.0,375000000.0,121000000.0,0.304
IHS,2022,0.9937265332710472,1252935000.0,514078000.0,1266387000.0,4960503000.0,468904000.0,-559370000.0,-459007000.0,327723000.0,0.137897
III,2022,1.1066643504669575,115481000.0,30587000.0,51191000.0,142597000.0,5368000.0,-3423000.0,19726000.0,3157000.0,0.261
IIIN,2022,0.9209060056150867,335332000.0,48316000.0,62596000.0,82001000.0,14486000.0,-15900000.0,125011000.0,91000.0,0.227
IIIV,2022,1.349694117920741,83809000.0,3490000.0,111258000.0,462624000.0,29424000.0,-12435000.0,-17102000.0,14775000.0,0.21
IINN,2022,1.2912688770655831,14492000.0,6783000.0,1662000.0,2535000.0,54000.0,-263000.0,-14976000.0,37000.0,0.0
IINNW,2022,0.7428502761788748,14492000.0,6783000.0,1662000.0,2535000.0,54000.0,-263000.0,-14976000.0,37000.0,0.0
IKT,2022,0.7543311878055801,24371122.0,7188553.0,3695445.0,3900896.0,6723.0,-243255.0,-18054155.0,,0.0
ILAG,2022,-0.2011907715081986,16015777.0,9165651.0,1813936.0,2350263.0,303269.0,-4181724.0,-1655903.0,147588.0,0.0
ILMN,2022,1.4658282499864073,3561000000.0,2011000000.0,2773000000.0,5653000000.0,394000000.0,-466000000.0,-4404000000.0,26000000.0,0.21
IMAB,2022,1.572091660869187,525629556.621686,465845085.733335,109890278.723929,168678416.650965,9249634.020843,-6642702.882901,-363416143.666749,1304.480165,0.25
IMAX,2022,1.2062917579726966,450828000.0,97401000.0,249574000.0,491386000.0,56661000.0,-32621000.0,-22800000.0,5877000.0,0.2621
IMCC,2022,1.0679289561840744,32672000.0,2449000.0,33819000.0,36879000.0,7331000.0,-1562000.0,-188890000.0,1972000.0,0.043668
IMCR,2022,0.8007045785888317,473977000.0,402472000.0,100835000.0,187859000.0,5335000.0,-2203000.0,-52543000.0,5409000.0,0.285
IMKTA,2022,0.5609500179163761,838131702.0,267198517.0,333777051.0,1035916300.0,117801654.0,-119608974.0,272758928.0,21508135.0,0.245
IMMP,2022,1.3671369803719142,90811740.0,79995129.0,6414490.0,8092184.0,2999613.44016,-22914.0,-32210826.0,92430.0,0.3
IMMX,2022,0.8612206895448662,14897817.0,13436714.0,1273296.0,1748296.0,2135.0,,-8229713.0,497.0,0.21
IMNM,2022,1.8062586420785143,22649000.0,20323000.0,7331000.0,7393000.0,631000.0,-248000.0,-36896000.0,,0.0
IMNN,2022,1.134164566544157,36779691.0,11492841.0,10037082.0,14648028.0,731629.0,-267800.0,-35898234.0,5028618.0,0.041
IMOS,2022,0.8699858062550745,18352129000.0,9896604000.0,6489141000.0,20303685000.0,4751902000.0,-4699369000.0,3439697000.0,142439000.0,0.146026
IMPP,2022,0.6609619467570724,133872063.0,50901092.0,24380703.0,84168626.0,12290463.0,-118678560.0,29510928.0,1610145.0,0.22
IMPPP,2022,-0.06636237102966656,133872063.0,50901092.0,24380703.0,84168626.0,12290463.0,-118678560.0,29510928.0,1610145.0,0.22
IMRX,2022,1.147346224073633,108746809.0,72636886.0,8054069.0,12517028.0,277252.0,-742483.0,-50513568.0,,0.0
IMTE,2022,1.0669584785486521,2378770.261258,199181.575666,7053461.449242,8071186.969003,961819.67118,-503960.912808,-4183830.138893,1450511.78705,0.0
IMTX,2022,0.8518724549012974,377154000.0,148519000.0,106452000.0,194656000.0,6967000.0,-6215000.0,37514000.0,1038000.0,0.107574
IMVT,2022,1.3192763315067837,404333000.0,376532000.0,43297000.0,43344000.0,193000.0,-197000.0,-210960000.0,,0.0
IMXI,2022,0.6836627561344699,382436000.0,149493000.0,184767000.0,362166000.0,9470000.0,-12173000.0,57331000.0,5629000.0,0.25813
INAB,2022,0.9581954736521203,22234000.0,18182000.0,5822000.0,10307000.0,1103000.0,-3705000.0,-28521000.0,,0.0
INBS,2022,0.7925247990415302,3862561.0,1537244.0,5883685.0,6667614.0,966732.0,-505123.0,-10631720.0,223534.0,0.0
INCR,2022,0.8349170639591934,527493000.0,232589000.0,312719000.0,436530000.0,11699000.0,-19742000.0,44819000.0,14689000.0,0.002121
INCY,2022,0.5642918584576161,4092850000.0,2951422000.0,1157077000.0,1470865000.0,67855000.0,-77833000.0,340660000.0,2666000.0,0.356
INDI,2022,1.9388211232377814,373866000.0,321629000.0,63963000.0,289019000.0,16761000.0,-7568000.0,-43400000.0,1391000.0,0.01923
INDV,2022,-1.4365072295156829,1259000000.0,774000000.0,1019000000.0,1718000000.0,21000000.0,-6000000.0,-53000000.0,29000000.0,0.21
INFA,2022,1.5106334689308127,1398753000.0,497879000.0,963456000.0,2916538000.0,210033000.0,-5465000.0,-53675000.0,78020000.0,0.21
INFN,2022,1.3591187200176085,1132972000.0,178657000.0,703937000.0,1489491000.0,83830000.0,-46053000.0,-76043000.0,26015000.0,0.21
INFU,2022,0.6389570988027155,24779000.0,165000.0,14467000.0,51385000.0,13360000.0,-15076000.0,18000.0,1402000.0,0.21
INFY,2022,0.8362428175928612,8626000000.0,1481000000.0,4769000000.0,6088000000.0,524000000.0,-319000000.0,2981000000.0,35000000.0,0.277
INGR,2022,0.5898835416899085,3309000000.0,236000000.0,1882000000.0,4299000000.0,215000000.0,-300000000.0,492000000.0,99000000.0,0.249
INKT,2022,1.0627923765822447,20404692.0,19635725.0,12683166.0,21872905.0,121749.0,-250046.0,-27991212.0,,0.0
INLX,2022,0.11918540193508197,4893039.0,2696481.0,6002482.0,11374340.0,728905.0,-577325.0,24027.0,803294.0,0.21
INM,2022,1.356691634298344,9597776.0,6176866.0,3319541.0,3709039.0,511787.0,-39108.0,-18600117.0,0.0,0.0
INNV,2022,1.3984555153880107,215229000.0,127249000.0,148450000.0,252558000.0,15419000.0,-23354000.0,-40673000.0,1522000.0,0.143
INO,2022,2.1482840849845695,315242680.0,46329359.0,96868074.0,126170546.0,5496026.0,-969153.0,-279818065.0,1253952.0,0.0
INOD,2022,1.061818650477206,23685000.0,9792000.0,20816000.0,29996000.0,3889000.0,-6526000.0,-11935000.0,11000.0,0.145
INSE,2022,1.104788189243018,126900000.0,25000000.0,74900000.0,372800000.0,43400000.0,-33300000.0,20600000.0,27500000.0,0.092
INSG,2022,1.8437955918225584,78356000.0,7143000.0,56963000.0,230067000.0,27206000.0,-13319000.0,-67969000.0,8606000.0,0.006795
INSM,2022,1.282280274732848,1273383000.0,1074036000.0,190243000.0,1568484000.0,10331000.0,-9878000.0,-481534000.0,22455000.0,0.21
INSP,2022,1.5370686396516535,530032000.0,441592000.0,61186000.0,68868000.0,1858000.0,-9096000.0,-44881000.0,1677000.0,0.21
INST,2022,0.866249963574605,285036000.0,185954000.0,334057000.0,877362000.0,141208000.0,-6321000.0,-34242000.0,24595000.0,0.19191
INSW,2022,0.37139159169764924,642615000.0,243744000.0,257389000.0,1127582000.0,110388000.0,-116686000.0,387891000.0,57721000.0,0.0002
INTA,2022,1.276521623827108,254839000.0,130377000.0,259349000.0,287699000.0,19958000.0,-7736000.0,-69425000.0,156000.0,0.00708
INTC,2022,1.1953023472381228,50407000000.0,11144000000.0,32155000000.0,78817000000.0,13035000000.0,-25050000000.0,8014000000.0,496000000.0,0.21
INTG,2022,-0.09600683484617056,33983000.0,5960000.0,15791000.0,216962000.0,5464000.0,-8180000.0,-6719000.0,10138000.0,0.21
INTT,2022,1.1531231649604567,60051000.0,13434000.0,26869000.0,45110000.0,4734000.0,-1365000.0,8461000.0,635000.0,0.17
INTU,2022,1.6705626401120937,5557000000.0,2848000000.0,3790000000.0,10511000000.0,806000000.0,-260000000.0,2384000000.0,270000000.0,0.202409
INTZ,2022,0.6506582651464379,5422000.0,3015000.0,13249000.0,13490000.0,1308000.0,-1479000.0,-16229000.0,2359000.0,0.0
INUV,2022,1.15853967056638,16379748.0,2931415.0,13595786.0,13807994.0,2702883.0,-1689869.0,-13106539.0,21111.0,0.0
INVA,2022,0.4957958694925731,443511000.0,291049000.0,134968000.0,665709000.0,5581000.0,-67000.0,213921000.0,15789000.0,0.2324
INVE,2022,1.3757253728563172,75098000.0,16650000.0,23393000.0,27371000.0,2272000.0,-3902000.0,-392000.0,143000.0,0.21
INVH,2022,0.7963399547413207,677541000.0,262870000.0,198423000.0,8213077000.0,638114000.0,-208070000.0,383329000.0,304092000.0,0.21
INVO,2022,1.240106404881746,621087.0,90135.0,3409424.0,5081327.0,77301.0,-12728.0,-10892511.0,59445.0,0.21
INVX,2022,0.6999047595008412,192911000.0,9736000.0,69571000.0,104344000.0,17735000.0,-6443000.0,9853000.0,2155000.0,0.28054
INZY,2022,0.3512749346933804,131393000.0,32915000.0,14715000.0,20801000.0,744000.0,-410000.0,-67061000.0,262000.0,0.0
IOBT,2022,1.077549362971695,148219000.0,142590000.0,10676000.0,12951000.0,540000.0,-690000.0,-71458000.0,302000.0,0.018
IONS,2022,0.9147519802038597,2202694000.0,276472000.0,311561000.0,1960989000.0,22105000.0,-20099000.0,-269722000.0,2800000.0,0.21
IOSP,2022,0.729224332261596,872600000.0,147100000.0,405800000.0,563300000.0,40100000.0,-42300000.0,133000000.0,1100000.0,0.28
IOT,2022,1.9648344087090317,957535000.0,200670000.0,442158000.0,678989000.0,11768000.0,-33240000.0,-247422000.0,,0.21
IP,2022,0.7947455125528178,6770000000.0,804000000.0,5000000000.0,15443000000.0,1040000000.0,-931000000.0,1504000000.0,403000000.0,0.21
IPA,2022,0.8940297622342616,16792000.0,8280000.0,5920000.0,20010000.0,6685000.0,-1495000.0,-26560000.0,30000.0,0.042952
IPAR,2022,0.9604785911874091,787724000.0,104713000.0,344567000.0,520396000.0,22539000.0,-90502000.0,120938000.0,3599000.0,0.222
IPDN,2022,0.43506169305623077,3257395.0,1236771.0,3942875.0,4527109.0,776096.0,-60797.0,-2602722.0,3652.0,0.006
IPG,2022,1.0741119673206292,10325200000.0,2545300000.0,9983200000.0,15100700000.0,274000000.0,-178100000.0,938000000.0,167900000.0,0.251
IPHA,2022,0.8250397508500324,139831000.0,84225000.0,41338000.0,153712000.0,45405000.0,-1122000.0,-58103000.0,288000.0,0.0
IPI,2022,1.2878582822473414,171679000.0,18514000.0,48876000.0,79125000.0,31865000.0,-68696000.0,72220000.0,-319000.0,0.252
IPSC,2022,1.2291263591508117,319721000.0,84265000.0,29817000.0,183806000.0,8440000.0,-30604000.0,-130932000.0,1200000.0,0.0
IPW,2022,1.0141310276569329,41259270.0,3735642.0,23332308.0,39229546.0,3412312.0,-140813.0,-11965390.0,1066280.0,0.1834
IPWR,2022,1.4778277315588082,23447311.0,23170149.0,542871.0,1727555.0,157564.0,-236935.0,-4770269.0,12701.0,0.0
IPX,2022,0.9915963622664277,5839274.0,5672551.0,2079987.0,2488770.0,153434.0,-2816467.0,-21521237.0,45541.0,0.0
IQ,2022,2.116951454609055,13785635000.0,7097938000.0,28130018000.0,39704910000.0,13655018000.0,-269769000.0,-136212000.0,715081000.0,0.25
IQV,2022,1.1871923281445225,4981000000.0,1216000000.0,5578000000.0,19572000000.0,1130000000.0,-674000000.0,1091000000.0,416000000.0,0.191
IR,2022,1.1290757708496426,3967300000.0,1613000000.0,1674000000.0,5508700000.0,432800000.0,-94600000.0,604700000.0,103200000.0,0.202
IRDM,2022,0.9206522571702089,306204000.0,168770000.0,141577000.0,1825456000.0,303484000.0,-71267000.0,8722000.0,65089000.0,0.027783
IREN,2022,2.134846813164841,89230000.0,68894000.0,24001000.0,26713000.0,30856000.0,-116064000.0,-171871000.0,15325000.0,0.3
IRM,2022,0.9076720769393984,1547145000.0,141797000.0,1917564000.0,15408561000.0,745639000.0,-883583000.0,556981000.0,496290000.0,0.11
IRON,2022,0.6740016047044562,198491000.0,194611000.0,22578000.0,23605000.0,89000.0,-151000.0,-46827000.0,,0.0
IRS,2022,0.7030413243041861,91446000000.0,27543000000.0,186322000000.0,437767000000.0,2007000000.0,-862000000.0,74487000000.0,17873000000.0,0.073541
IRT,2022,0.7923530199656265,79794000.0,16084000.0,974404000.0,2794228000.0,252849000.0,-83979000.0,117249000.0,86955000.0,0.21
IRTC,2022,1.6398212984063776,288772000.0,78832000.0,89096000.0,208410000.0,19609000.0,-29830000.0,-116155000.0,4138000.0,0.21
IRWD,2022,0.5259130768805262,780626000.0,656203000.0,25525000.0,448141000.0,1400000.0,-136000.0,175065000.0,7598000.0,0.306459
ISDR,2022,0.48452318309143544,9420000.0,4832000.0,31191000.0,33102000.0,1033000.0,-66000.0,1934000.0,11000.0,0.272
ISPC,2022,1.330617937056003,19675721.0,15308710.0,4281087.0,4308483.0,1205199.0,-3191190.0,-10245922.0,238963.0,0.0
ISPO,2022,-0.8428679483240842,116881000.0,80278000.0,278118000.0,505357000.0,93534000.0,-14270000.0,-24057000.0,,0.21
ISPOW,2022,0.1521898902969505,116881000.0,80278000.0,278118000.0,505357000.0,93534000.0,-14270000.0,-24057000.0,,0.21
ISSC,2022,0.4498647411095846,28202319.0,17250546.0,3940303.0,3955368.0,368499.0,-161230.0,5523778.0,0.0,0.247
IT,2022,1.1176823735416646,2786107000.0,697999000.0,3597600000.0,7071938000.0,191946000.0,-108050000.0,807799000.0,126203000.0,0.214
ITGR,2022,1.0043673443311805,558298000.0,24272000.0,223752000.0,1376930000.0,91991000.0,-74728000.0,66377000.0,35792000.0,0.14
ITI,2022,0.9676351181849558,62854000.0,16587000.0,38039000.0,48888000.0,3794000.0,-1874000.0,-14855000.0,329000.0,0.21
ITOS,2022,1.1970482555732536,628298000.0,284803000.0,42000000.0,91659000.0,803000.0,-938000.0,96652000.0,,0.35
ITP,2022,0.819329311960373,47166475.0,9524868.0,17640629.0,23123341.0,14788036.0,-10898531.0,-16571308.0,1027951.0,0.25
ITRG,2022,0.8754832696134386,16993888.0,15919518.0,15390668.0,40099072.0,968645.0,-233516.0,-19807021.0,644518.0,0.0
ITRI,2022,1.3840141939083084,829584000.0,202007000.0,498572000.0,1186522000.0,66763000.0,-19747000.0,-9732000.0,6724000.0,0.39
ITRM,2022,1.1781770254234234,62444000.0,21092000.0,9064000.0,38834000.0,1800000.0,-62000.0,-44434000.0,2361000.0,0.21
ITRN,2022,0.5163733064509257,150652000.0,27850000.0,92972000.0,138068000.0,20134000.0,-26505000.0,37103000.0,2577000.0,0.241
ITT,2022,1.1899096844490609,1836800000.0,561200000.0,1185500000.0,1522900000.0,107400000.0,-103900000.0,367000000.0,6400000.0,0.197
ITW,2022,0.8437665451334578,6270000000.0,708000000.0,4460000000.0,12333000000.0,410000000.0,-412000000.0,3034000000.0,203000000.0,0.21
IVA,2022,-0.17208660187299055,106383000.0,86737000.0,30701000.0,70528000.0,1698000.0,-561000.0,-54274000.0,707000.0,0.0006
IVDA,2022,0.35587327751032766,9562772.0,7312095.0,2102544.0,2293320.0,17801.0,-14165.0,-3345270.0,53323.0,0.21
IVT,2022,0.8772199594407203,172290000.0,137620000.0,56629000.0,869125000.0,89363000.0,-19420000.0,52233000.0,26777000.0,0.21
IVZ,2022,1.4517448339794827,2439600000.0,1434100000.0,1503300000.0,12914600000.0,195300000.0,-192900000.0,920700000.0,85200000.0,0.26
IZEA,2022,0.9368080606747657,85390302.0,75433295.0,15927869.0,15969937.0,1089118.0,-279721.0,-3140621.0,25320.0,0.0
J,2022,0.8893493069983126,4721994000.0,1140479000.0,3250845000.0,7923505000.0,301056000.0,-127615000.0,644039000.0,100246000.0,0.184
JACK,2022,0.8192680024532986,282993000.0,108890000.0,521683000.0,3658698000.0,56100000.0,-46475000.0,115781000.0,86524000.0,0.285
JAGX,2022,1.2992273269458896,22321000.0,5469000.0,30339000.0,48808000.0,1813000.0,-6000.0,-47454000.0,12723000.0,0.0
JAKK,2022,1.424554081095568,275211000.0,85297000.0,177822000.0,258644000.0,10578000.0,-10389000.0,91413000.0,11183000.0,0.21
JAMF,2022,1.675101032371895,351046000.0,224338000.0,360968000.0,828204000.0,54830000.0,-7727000.0,-141301000.0,538000.0,0.006
JANX,2022,1.471822434545941,332439000.0,51426000.0,16507000.0,43270000.0,841000.0,-6445000.0,-63059000.0,,0.0
JAZZ,2022,0.6841425793989563,2606140000.0,881482000.0,933193000.0,7749521000.0,629471000.0,-498194000.0,-224060000.0,288242000.0,0.21
JBGS,2022,0.8316810831275131,518124000.0,241098000.0,167681000.0,2708016000.0,217841000.0,-326741000.0,85371000.0,78449000.0,0.012608
JBHT,2022,0.9197922111044332,2211778000.0,51927000.0,1568231000.0,4119814000.0,644520000.0,-1540796000.0,969351000.0,51249000.0,0.244
JBI,2022,1.3150221270752778,363200000.0,78400000.0,152600000.0,895300000.0,37600000.0,-8800000.0,107700000.0,42000000.0,0.259
JBL,2022,1.2171806480587515,13908000000.0,1478000000.0,13697000000.0,17265000000.0,925000000.0,-1385000000.0,996000000.0,146000000.0,0.191
JBLU,2022,1.4693405918383555,1916000000.0,1042000000.0,3748000000.0,9482000000.0,585000000.0,-923000000.0,-362000000.0,166000000.0,0.171625
JBSS,2022,0.3529242566912166,254430000.0,1948000.0,85688000.0,133080000.0,22138000.0,-20732000.0,62857000.0,2159000.0,0.264
JBT,2022,1.311905270349063,926500000.0,71700000.0,624000000.0,1735600000.0,76200000.0,-84600000.0,137400000.0,16300000.0,0.135
JCI,2022,0.9822469520204724,11685000000.0,2031000000.0,11239000000.0,24756000000.0,830000000.0,-592000000.0,1532000000.0,225000000.0,0.21
JCSE,2022,0.27542572437081914,26336000.0,6561000.0,13802000.0,19184000.0,672000.0,-817000.0,1192000.0,336000.0,0.164681
JCTC,2022,0.16648666157455339,29629960.0,484463.0,10422086.0,10422086.0,319617.0,-1259429.0,1164123.0,163045.0,0.263679
JD,2022,1.1917196867312074,351074000000.0,78861000000.0,266561000000.0,321127000000.0,7236000000.0,-22913000000.0,10380000000.0,2106000000.0,0.301
JEF,2022,1.1110827302757809,30906074000.0,9703109000.0,9309900000.0,40755743000.0,189343000.0,-224301000.0,785449000.0,1170425000.0,0.259
JELD,2022,1.5250512984130067,1695606000.0,164475000.0,786626000.0,2777813000.0,131754000.0,-92220000.0,45727000.0,82505000.0,0.21
JFBR,2022,-0.023363935075355922,11034000.0,8137000.0,640000.0,2954000.0,524000.0,-4730000.0,-1540000.0,629000.0,0.013453
JG,2022,0.6594289337890084,176643000.0,116128000.0,255439000.0,274865000.0,30405000.0,-1124000.0,-106964000.0,3136000.0,0.004178
JHG,2022,1.2920940288199727,2214800000.0,1176400000.0,610500000.0,1641300000.0,31700000.0,-17600000.0,372400000.0,12600000.0,0.269
JHX,2022,1.1500058699793752,1075100000.0,113000000.0,697300000.0,2867700000.0,172600000.0,-591300000.0,512000000.0,37000000.0,0.292
JILL,2022,0.6839299034625287,159901000.0,87053000.0,126987000.0,466636000.0,25753000.0,-15067000.0,42175000.0,20060000.0,0.281
JJSF,2022,0.4102676183335105,444637000.0,35181000.0,181839000.0,353797000.0,53123000.0,-87291000.0,47235000.0,1025000.0,0.235
JKHY,2022,0.6265565718409971,627962000.0,12243000.0,523759000.0,1165316000.0,190726000.0,-206984000.0,366646000.0,15073000.0,0.227
JKS,2022,1.1806425669881357,68327294000.0,10243500000.0,64936186000.0,81658289000.0,2759564000.0,-12331617000.0,620506000.0,1079409000.0,0.306
JLL,2022,1.2532531189604665,6569700000.0,519300000.0,5912100000.0,9444200000.0,228100000.0,-205800000.0,654500000.0,,0.202
JMIA,2022,2.8188215899479014,291457000.0,71579000.0,143172000.0,155972000.0,11646000.0,-11147000.0,-238232000.0,1718000.0,0.15
JNJ,2022,0.3059199165728038,55294000000.0,12889000000.0,55802000000.0,110574000000.0,6970000000.0,-4009000000.0,17941000000.0,276000000.0,0.154
JNPR,2022,0.9809040820206119,3617100000.0,880100000.0,2078900000.0,4851600000.0,217700000.0,-105100000.0,471000000.0,58600000.0,0.113
JOB,2022,0.6927046371254774,42222000.0,18848000.0,15579000.0,18551000.0,3840000.0,-328000.0,19599000.0,377000.0,0.029128
JOBY,2022,1.752304300627298,1084178000.0,146101000.0,30203000.0,128243000.0,23995000.0,-54890000.0,-258043000.0,118000.0,0.0
JOUT,2022,0.9693775346134342,480316000.0,129803000.0,114713000.0,191917000.0,14234000.0,-31690000.0,44491000.0,153000.0,0.244
JRSH,2022,0.4296801201791195,57284226.0,17801614.0,14446442.0,15485099.0,3419912.0,-5806814.0,2419623.0,768131.0,0.21
JTAI,2022,0.005540156947137783,1885252.0,1527391.0,2622962.0,4154326.0,134383.0,,-7738203.0,0.0,0.21
JVA,2022,0.42358804442276315,31701733.0,2515873.0,6439509.0,18141858.0,1258608.0,-1059205.0,-3744785.0,225043.0,0.18
JWEL,2022,0.728156706601099,59901713.0,13718102.0,31637149.0,33736579.0,1921362.0,-1338190.0,-11536380.0,117070.0,0.035154
JWN,2022,1.654786191423741,3209000000.0,687000000.0,2990000000.0,8006000000.0,789000000.0,-473000000.0,245000000.0,138000000.0,0.272
JXJT,2022,1.1418799214133803,6466573.0,520916.0,3930385.0,3930385.0,736870.0,-1008.0,-73492431.0,0.0,0.25
JZXN,2022,0.34966849798387983,12248396.0,2320389.0,8334530.0,9244954.0,209318.0,-19339.0,-16832101.0,1337377.0,4e-06
K,2022,0.18679100624397194,4186000000.0,299000000.0,6349000000.0,14121000000.0,478000000.0,-488000000.0,960000000.0,201000000.0,0.2
KAI,2022,1.0043284913771262,415410000.0,76371000.0,213461000.0,494310000.0,34936000.0,-28199000.0,120928000.0,6478000.0,0.27
KALA,2022,0.6632174045602168,85942000.0,70495000.0,25685000.0,67846000.0,537000.0,-313000.0,-44822000.0,7266000.0,0.0
KALU,2022,1.1531869460385966,1042600000.0,57400000.0,418700000.0,1657600000.0,106900000.0,-142500000.0,-29600000.0,48300000.0,0.219
KAR,2022,1.2058026168967466,3022400000.0,225700000.0,2643200000.0,3601500000.0,100200000.0,-60900000.0,241200000.0,119200000.0,0.259
KARO,2022,0.6869299369056557,1462767000.0,965790000.0,789440000.0,1059705000.0,609638000.0,-626309000.0,597153000.0,9287000.0,0.319
KAVL,2022,0.5507540443385055,9073419.0,3685893.0,1585478.0,2636254.0,0.0,,-14370335.0,,0.001273
KBH,2022,1.2964749238701399,6215261000.0,330198000.0,821661000.0,2991135000.0,32319000.0,-45234000.0,816666000.0,,0.238
KBR,2022,0.6796509903438698,1747000000.0,282000000.0,1821000000.0,3934000000.0,137000000.0,-71000000.0,190000000.0,87000000.0,0.32
KC,2022,2.7477944443100673,9048353000.0,3419166000.0,6658626000.0,7732732000.0,1157424000.0,-1437408000.0,-2658184000.0,137812000.0,0.25
KD,2022,1.4589171099107425,4963000000.0,1847000000.0,4868000000.0,10002000000.0,1374000000.0,-865000000.0,-1374000000.0,94000000.0,0.21
