Year,Company,Market_Cap
2020,MMM,62143473231.140625
2021,MMM,70251914061.09766
2022,MMM,45966383187.46875
2023,MMM,41135205689.24609
2020,ABT,176521388365.42285
2021,ABT,194465249042.4287
2022,ABT,161820698586.99316
2023,ABT,165077143869.3584
2020,ABBV,131030037156.06348
2021,ABBV,169357628083.86133
2022,ABBV,219343504816.68652
2023,ABBV,253496441142.68555
2020,ACN,133579178497.31445
2021,ACN,191617839660.64453
2022,ACN,155983809814.45312
2023,ACN,189194706909.1797
2020,AYI,3110037556.7993164
2021,AYI,5289229292.071533
2022,AYI,4817713014.425659
2023,AYI,5226452591.015625
2020,ADBE,215887282775.8789
2021,ADBE,253431931103.51562
2022,ADBE,121143045373.53516
2023,ADBE,224457977313.23242
2020,AAP,8416224305.274963
2021,AAP,11601644193.998718
2022,AAP,8938984503.837585
2023,AAP,3283728462.9131317
2020,AES,11403180088.770996
2021,AES,14748134556.250977
2022,AES,15011400781.418945
2023,AES,10372803445.132324
2020,AMG,2036377040.2679443
2021,AMG,4500930450.98877
2022,AMG,3332917778.0456543
2023,AMG,3884928519.104004
2020,AFL,18483171116.9458
2021,AFL,27182760244.992188
2022,AFL,30064668861.691406
2023,AFL,42047110807.5293
2020,A,28210522961.42578
2021,A,44303280392.578125
2022,A,34386625957.76367
2023,A,31848407777.34375
2020,APD,60129233928.95508
2021,APD,52812835275.66528
2022,APD,49209863351.92871
2023,APD,61352754713.68408
2020,AKAM,16749684178.726196
2021,AKAM,15848103785.095215
2022,AKAM,12170568273.757935
2023,AKAM,16143580178.726196
2020,ALK,4621204304.75235
2021,ALK,7392917207.496643
2022,ALK,4939125042.503357
2023,ALK,4677975951.004028
2020,ALB,10107653278.640747
2021,ALB,25018761328.24707
2022,ALB,30412295030.76172
2023,ALB,19700875505.874634
2020,ALLE,8172363736.273193
2021,ALLE,11043864401.998291
2022,ALLE,7604508869.995361
2023,ALLE,8945324463.490723
2020,LNT,11645724655.151367
2021,LNT,12996738092.422485
2022,LNT,12661847002.029419
2023,LNT,11970958248.138428
2020,ALL,22394053183.970215
2021,ALL,31031186323.311035
2022,ALL,31194423091.37549
2023,ALL,28753194179.40161
2020,GOOGL,428286976542.6914
2021,GOOGL,781273074815.6953
2022,GOOGL,559029096441.9141
2023,GOOGL,764814931937.6719
2020,GOOG,409380427132.53125
2021,GOOG,742464451025.5938
2022,GOOG,535682206042.5664
2023,GOOG,734578246358.2734
2020,MO,47808647311.25098
2021,MO,60586757482.58203
2022,MO,58074212062.83984
2023,MO,65800880870.54883
2020,AMZN,1652390394634.7188
2021,AMZN,1723923216596.4219
2022,AMZN,1186002756608.0
2023,AMZN,1334200652012.9453
2020,AEE,18770800937.452637
2021,AEE,19747128183.554688
2022,AEE,20149698742.773438
2023,AEE,19287479975.11499
2020,AAL,8070892134.94873
2021,AAL,13475566380.615234
2022,AAL,7906716134.94873
2023,AAL,8412378515.563965
2020,AEP,37533544900.81787
2021,AEP,38574274868.774414
2022,AEP,42486687655.944824
2023,AEP,38397119408.87451
2020,AXP,67439520933.59375
2021,AXP,114205795539.0625
2022,AXP,93037885238.28125
2023,AXP,104377168117.1875
2020,AIG,16114273548.113525
2021,AIG,33001278932.810547
2022,AIG,29223343463.61328
2023,AIG,38210766276.09082
2020,AMT,101981987346.82422
2021,AMT,114255041141.64844
2022,AMT,93937167269.4961
2023,AMT,74158515942.89844
2020,AWK,26283652731.00879
2021,AWK,31103292015.470215
2022,AWK,24337661520.02124
2023,AWK,23590973091.005127
2020,AMP,14150615440.398926
2021,AMP,24729735133.81494
2022,AMP,23982689835.887695
2023,AMP,31895911902.963867
2020,AME,22424476757.20215
2021,AME,28150966950.439453
2022,AME,25917345489.501953
2023,AME,33992251813.476562
2020,AMGN,120615607705.57812
2021,AMGN,103873031876.26758
2022,AMGN,113748723812.5625
2023,AMGN,140195665478.23047
2020,APH,31366611846.413086
2021,APH,42796178610.65625
2022,APH,39564606034.76367
2023,APH,50149296790.81055
2020,ADI,53979029307.46582
2021,ADI,78778345158.60645
2022,ADI,66741602276.50488
2023,ADI,85440257458.09277
2020,AON,43409337809.32617
2021,AON,60660612010.98633
2022,AON,57269341608.947754
2023,AON,69836971636.77979
2020,APA,3254283136.234497
2021,APA,7415468063.549011
2022,APA,11980457662.153564
2023,APA,14760387993.324097
2020,AIV,473040228.82855225
2021,AIV,967917385.4286041
2022,AIV,1033745668.6097717
2023,AIV,962941172.6097717
2020,AAPL,1720719666837.0625
2021,AAPL,2115947622636.0938
2022,AAPL,2078180736364.0
2023,AAPL,2589841763081.0
2020,AMAT,47375716998.53125
2021,AMAT,103453722577.64062
2022,AMAT,66399081342.671875
2023,AMAT,113277314272.53125
2020,ADM,20136280586.514404
2021,ADM,26665528107.369873
2022,ADM,36473620859.671875
2023,ADM,34917295446.38672
2020,AJG,22085028256.988525
2021,AJG,31546013720.703125
2022,AJG,36780790664.67285
2023,AJG,49486384152.22168
2020,AIZ,5842458264.729309
2021,AIZ,7737967702.667236
2022,AIZ,7242687158.68988
2023,AIZ,7314792037.109375
2020,T,113944135480.95703
2021,T,118598114785.7666
2022,T,96588133346.55762
2023,T,100793323034.3628
2020,ADSK,49784731058.09375
2021,ADSK,61456702142.4375
2022,ADSK,40257080363.28125
2023,ADSK,44590966323.9375
2020,ADP,52405831854.850586
2021,ADP,76605975334.68066
2022,ADP,88287984369.65332
2023,ADP,95922947784.83691
2020,AN,2100220068.1091309
2021,AN,4831339476.763916
2022,AN,4042120212.9821777
2023,AN,6007430637.817383
2020,AZO,19932734887.939453
2021,AZO,28740178574.70703
2022,AZO,36254306022.94922
2023,AZO,42991870574.70703
2020,AVB,18552019547.30713
2021,AVB,28264613742.40869
2022,AVB,24358539945.63867
2023,AVB,23606681745.546387
2020,AVY,9673020210.660645
2021,AVY,15895363847.81543
2022,AVY,12674732379.20996
2023,AVY,14477974029.416992
2020,BAC,169386498622.85156
2021,BAC,304659012329.1797
2022,BAC,221560931226.15234
2023,BAC,206687830310.80078
2020,BAX,37609005989.25293
2021,BAX,38120775944.04346
2022,BAX,25938523072.764404
2023,BAX,18660003425.85498
2020,BDX,61924360650.3457
2021,BDX,66312818548.83984
2022,BDX,62455394144.021484
2023,BDX,73527771505.28906
2020,BBY,20446649698.844727
2021,BBY,19896749465.845703
2022,BBY,12409050862.902344
2023,BBY,14271625363.401367
2020,BIIB,41321395093.13965
2021,BIIB,41220887957.51953
2022,BIIB,38891754000.0
2023,BIIB,37436592042.48047
2020,BLK,75551816654.29688
2021,BLK,114704269335.9375
2022,BLK,77230570517.57812
2023,BLK,93369931617.1875
2020,HRB,1954028065.501648
2021,HRB,3147034062.154785
2022,HRB,5552226354.8967285
2023,HRB,5805618134.831787
2020,BA,101837005628.7461
2021,BA,135532082845.89062
2022,BA,74612279062.41797
2023,BA,118117615526.32812
2020,BWA,7323198317.656128
2021,BWA,8294661602.21875
2022,BWA,6128386850.386475
2023,BWA,9075103003.159424
2020,BXP,10353769483.24585
2021,BXP,14500841934.127808
2022,BXP,10438903370.239258
2023,BXP,8862002170.410156
2020,BSX,56269191563.12695
2021,BSX,63897415495.41797
2022,BSX,57034959845.56348
2023,BSX,77754863721.27246
2020,BMY,104826292037.72559
2021,BMY,106936545426.46289
2022,BMY,131468483722.17969
2023,BMY,110881454071.9209
2020,AVGO,153564549244.72852
2021,AVGO,210916631800.31445
2022,AVGO,198944956042.2871
2023,AVGO,382042216327.72656
2020,CHRW,10822042039.634705
2021,CHRW,9419319571.044922
2022,CHRW,10701761465.400696
2023,CHRW,9814848149.024963
2020,CPB,12602610603.558594
2021,CPB,11231399723.365723
2022,CPB,13084194416.089844
2023,CPB,11743527163.15625
2020,COF,25454332991.94336
2021,COF,58218001390.13672
2022,COF,33749282923.583984
2023,COF,36365980646.484375
2020,CAH,10145140910.682678
2021,CAH,11069471674.301147
2022,CAH,15449384092.208862
2023,CAH,20488349073.165894
2020,KMX,14239065407.348633
2021,KMX,19824074898.16284
2022,KMX,10228081959.93042
2023,KMX,10957775040.06958
2020,CCL,17520149152.22168
2021,CCL,28865541864.16626
2022,CCL,8113745042.152405
2023,CCL,15835075508.19397
2020,CAT,66589465052.95508
2021,CAT,87548347288.90332
2022,CAT,76499049674.03125
2023,CAT,130083443659.22266
2020,CNC,30683331796.469727
2021,CNC,32776931019.352295
2022,CNC,40930394260.70703
2023,CNC,36232946057.29541
2020,CNP,11357028931.630127
2021,CNP,14817360185.390137
2022,CNP,17379783782.837036
2023,CNP,16996457886.890625
2020,CF,5066812700.4776
2021,CF,9478137093.276978
2022,CF,16616791431.82373
2023,CF,15093885223.266602
2020,SCHW,61072937026.13086
2021,SCHW,124287974779.00781
2022,SCHW,123936647681.9707
2023,SCHW,96101556596.41113
2020,CHTR,89118914778.65625
2021,CHTR,103852635791.03125
2022,CHTR,43300480794.421875
2023,CHTR,62780344146.90625
2021,CHK,6773752473.423004
2022,CHK,11225732805.18341
2023,CHK,11004537476.364136
2020,CVX,110053164867.11719
2021,CVX,163704936311.41992
2022,CVX,241095357285.76562
2023,CVX,293282931558.4844
2020,CMG,34064718948.288574
2021,CMG,49781142119.83301
2022,CMG,41159994162.35889
2023,CMG,50173089300.30762
2020,CB,43930757560.38281
2021,CB,66873781926.02344
2022,CB,71271890726.39062
2023,CB,82971964655.22656
2020,CHD,21892433414.293457
2021,CHD,19517205602.530273
2022,CHD,17076558436.0979
2023,CHD,22178186649.720703
2020,CI,44401841837.163086
2021,CI,53138771576.14746
2022,CI,74999723707.54492
2023,CI,78638228556.54492
2020,CINF,10993574558.71582
2021,CINF,16494840840.454102
2022,CINF,13243316363.52539
2023,CINF,15553119116.82129
2020,CTAS,30242305593.0625
2021,CTAS,35418367991.131836
2022,CTAS,37021597855.78174
2023,CTAS,47472132016.03223
2020,CSCO,137864738050.58496
2021,CSCO,196571538934.36816
2022,CSCO,148618627606.01074
2023,CSCO,206288499999.6123
2020,C,70458091738.16406
2021,C,118807218466.15625
2022,C,73064883825.42969
2023,C,75343947441.00781
2020,CFG,9476166473.960876
2021,CFG,18364424874.49646
2022,CFG,13935506842.23175
2023,CFG,11402189611.434937
2020,CME,51341875784.71387
2021,CME,61248214035.58008
2022,CME,57966911161.84668
2023,CME,68850178060.42969
2020,CMS,16239531527.13562
2021,CMS,16238464898.349487
2022,CMS,16278765461.406738
2023,CMS,15332672565.470947
2020,KO,188416444026.03516
2021,KO,206577992955.52734
2022,KO,227229146859.66797
2023,KO,234028457505.8203
2020,CTSH,32491277860.06421
2021,CTSH,35171561382.16333
2022,CTSH,27600939422.00354
2023,CTSH,33132297840.974854
2020,CL,57362158854.0625
2021,CL,57447980664.96484
2022,CL,54659884558.02344
2023,CL,56758800416.36328
2020,CMCSA,160477615478.83594
2021,CMCSA,197637846210.90234
2022,CMCSA,105916402770.55078
2023,CMCSA,165206129734.7871
2020,CMA,4199993601.6082764
2021,CMA,9210503813.781738
2022,CMA,8412442729.072571
2023,CMA,5218746401.138306
2020,CAG,14605270163.81836
2021,CAG,14308128837.17212
2022,CAG,14301390604.203247
2023,CAG,12477271194.972961
2020,COP,32781279881.78955
2021,COP,70179860307.48438
2022,COP,111160827405.9336
2023,COP,135589755274.59961
2020,ED,23270270826.60791
2021,ED,22600384779.990234
2022,ED,27671320135.22461
2023,ED,28579940185.87207
2020,STZ,32496043697.753906
2021,STZ,36640826692.38281
2022,STZ,40479564079.10156
2023,STZ,44919495424.80469
2020,GLW,24626662210.933594
2021,GLW,28393755389.17383
2022,GLW,23235645405.9375
2023,GLW,25234284209.36133
2020,COST,145713906232.8047
2021,COST,190774282984.8047
2022,COST,201808861850.8828
2023,COST,243237722994.28125
2020,COTY,2343181519.782074
2021,COTY,6821261752.989807
2022,COTY,5484780498.415466
2023,COTY,9520259793.979614
2020,CCI,60807797827.47217
2021,CCI,65274721757.39111
2022,CCI,56297122781.84912
2023,CCI,37783255972.81665
2020,CSX,47703387523.67139
2021,CSX,55425536345.759766
2022,CSX,50239031229.49219
2023,CSX,58801768606.05029
2020,CMI,26120247581.176758
2021,CMI,28419733011.84082
2022,CMI,26454115965.57617
2023,CMI,30513184290.283203
2020,CVS,65322584513.975586
2021,CVS,97584495560.01367
2022,CVS,112120272858.78516
2023,CVS,84519583235.02832
2020,DHI,23714771424.652344
2021,DHI,26578943836.419434
2022,DHI,21555185595.224854
2023,DHI,34733122685.760254
2020,DHR,135768901473.98438
2021,DHR,192578354391.0586
2022,DHR,163955099434.72852
2023,DHR,157992610533.97852
2020,DRI,10476562194.824219
2021,DRI,16062507820.129395
2022,DRI,13852193260.192871
2023,DRI,16238051414.489746
2020,DVA,7186035128.02124
2021,DVA,9754214179.229736
2022,DVA,6944402718.3532715
2023,DVA,7931066897.583008
2020,DE,57639962768.55469
2021,DE,88094499169.92188
2022,DE,88890392285.15625
2023,DE,101734905322.26562
2020,DAL,19488757899.101562
2021,DAL,27155527610.859375
2022,DAL,17882751724.398438
2023,DAL,23629777570.140625
2020,XRAY,8381525307.518005
2021,XRAY,11206027352.668762
2022,XRAY,5539905272.022247
2023,XRAY,6778959257.553101
2020,DVN,4936747952.940063
2021,DVN,19447811706.519775
2022,DVN,35486625001.072266
2023,DVN,29998520092.5083
2020,DLR,41572939800.725586
2021,DLR,42248205021.143555
2022,DLR,30061055152.78174
2023,DLR,38325947441.54199
2020,DFS,13282527113.28125
2021,DFS,28752743526.367188
2022,DFS,21704144995.60547
2023,DFS,21221928226.5625
2020,DG,43768411987.47266
2021,DG,44624649675.17578
2022,DG,50884794667.84375
2023,DG,22688238363.1875
2020,DLTR,19637368492.67578
2021,DLTR,20579034502.441406
2022,DLTR,29260412512.20703
2023,DLTR,22885897743.896484
2020,D,55873319658.993164
2021,D,53438033207.688965
2022,D,52300222926.83008
2023,D,35546236726.04053
2020,DOV,14100372676.086426
2021,DOV,20526538370.97168
2022,DOV,15604101657.119751
2023,DOV,18940632636.535645
2020,DOW,27091029129.164307
2021,DOW,34647684186.27954
2022,DOW,27736391231.51172
2023,DOW,34325178269.10498
2020,DTE,17776588426.818848
2021,DTE,20955354371.33789
2022,DTE,22207671218.26172
2023,DTE,19831142521.362305
2020,DD,21493163606.506348
2021,DD,26780203145.72046
2022,DD,20227725827.913208
2023,DD,30531705015.129883
2020,DUK,58221043815.05469
2021,DUK,66718064070.01172
2022,DUK,66045657079.65625
2023,DUK,65348818314.1875
2020,DNB,10886978193.860352
2021,DNB,7132115005.0998535
2022,DNB,5275200006.824097
2023,DNB,4330572458.807617
2020,EMN,8033570442.810059
2021,EMN,10615824093.933105
2022,EMN,7720988309.173584
2023,EMN,8666838199.310303
2020,ETN,37652517411.8042
2021,ETN,56337206300.354004
2022,ETN,51387659907.53174
2023,ETN,83771694122.31445
2020,EBAY,23729486824.035645
2021,EBAY,32103387977.600098
2022,EBAY,17238231193.54248
2023,EBAY,21107883178.710938
2020,ECL,54415618728.24414
2021,ECL,57307198651.98047
2022,ECL,40157229141.3125
2023,ECL,47720244935.33203
2020,EIX,16491988199.579224
2021,EIX,18821073988.12976
2022,EIX,20040882041.458374
2023,EIX,23428189190.914673
2020,EW,48083567816.16211
2021,EW,68197703448.48633
2022,EW,49776310345.458984
2023,EW,41734271264.64844
2020,EA,33698930516.052246
2021,EA,36940804727.17285
2022,EA,30214849455.26123
2023,EA,31637290870.666504
2020,EMR,34289366806.030273
2021,EMR,50407307983.39844
2022,EMR,40078569152.83203
2023,EMR,54114908538.81836
2020,ETR,18002623959.499756
2021,ETR,18814236229.808838
2022,ETR,19764051014.855713
2023,ETR,18935800084.492676
2020,EOG,16563647216.415405
2021,EOG,38493107717.89551
2022,EOG,58218736749.26758
2023,EOG,69215762332.15332
2020,EQT,7332364086.738281
2021,EQT,11602487917.46228
2022,EQT,23405445663.85547
2023,EQT,23691925336.308838
2020,EFX,18866260302.612305
2021,EFX,30702332963.012695
2022,EFX,20920525993.896484
2023,EFX,22524428593.87207
2020,EQIX,67129858558.95996
2021,EQIX,70858930061.64551
2022,EQIX,51891765557.25098
2023,EQIX,67522758400.268555
2020,EQR,16763916275.390625
2021,EQR,27334380220.703125
2022,EQR,23434662797.851562
2023,EQR,21388487743.164062
2020,ESS,11221895765.945435
2021,ESS,18408578023.587036
2022,ESS,14363995811.946106
2023,ESS,13126633211.177063
2020,EL,48380203193.96973
2021,EL,66969744449.95117
2022,EL,48626226473.87695
2023,EL,32992843474.609375
2020,ES,25983428374.321045
2021,ES,26158300860.14502
2022,ES,25676649655.602295
2023,ES,19857254060.675415
2020,EXC,22177771554.19287
2021,EXC,31065836204.64746
2022,EXC,34774358274.2207
2023,EXC,36321487604.009766
2020,EXPE,11429708944.335938
2021,EXPE,20431117639.160156
2022,EXPE,11679020944.335938
2023,EXPE,12848293881.958008
2020,EXPD,12213425056.396484
2021,EXPD,16243476189.941406
2022,EXPD,12170182856.628418
2023,EXPD,15986991511.657715
2020,EXR,19635725901.824463
2021,EXR,31737035944.415527
2022,EXR,33647507768.568848
2023,EXR,24716546920.648193
2020,XOM,127225593708.58594
2021,XOM,233828799226.54688
2022,XOM,362783873725.15625
2023,XOM,504692207851.46875
2020,FFIV,7155575592.34314
2021,FFIV,11585772960.85205
2022,FFIV,8435500962.982178
2023,FFIV,9391948180.426025
2020,FAST,23171496366.058105
2021,FAST,27338172007.844727
2022,FAST,24939891329.637207
2023,FAST,30380878240.930664
2020,FRT,5207540827.124023
2021,FRT,8710263421.45996
2022,FRT,6922387608.984375
2023,FRT,7274567782.324219
2020,FDX,57295724982.8916
2021,FDX,50462614098.75098
2022,FDX,34750772445.96875
2023,FDX,63437431131.609375
2020,FIS,73645984470.7539
2021,FIS,61532135456.71924
2022,FIS,38939990833.5957
2023,FIS,29465998796.753662
2020,FITB,12235887417.723145
2021,FITB,25449936353.256836
2022,FITB,19793005464.311523
2023,FITB,16478308405.235352
2020,FSLR,7086511073.318481
2021,FSLR,10218706521.995544
2022,FSLR,14159107147.354126
2023,FSLR,17297724337.982178
2020,FE,13966750725.145142
2021,FE,18149029763.003906
2022,FE,19584407832.448486
2023,FE,18845031427.940674
2020,FLS,3274974698.238373
2021,FLS,4251102351.5319824
2022,FLS,3062487236.186981
2023,FLS,5132369691.78009
2020,FLR,1509047351.8753052
2021,FLR,2735469405.7388306
2022,FLR,4263358215.4541016
2023,FLR,6286269730.682373
2020,FMC,11983706825.8667
2021,FMC,10548519382.324219
2022,FMC,12408043857.788086
2023,FMC,8051639403.076172
2020,FTI,1989276159.8725586
2021,FTI,3190509360.428711
2022,FTI,3584556168.8427734
2023,FTI,8641839774.222656
2020,FL,2766437098.1260986
2021,FL,3877891485.7231445
2022,FL,2760268417.2280273
2023,FL,1614304369.505249
2020,F,21479933525.853516
2021,F,45669056075.36279
2022,F,37100098523.18408
2023,F,45231139643.79639
2020,FTV,21974401886.230957
2021,FTV,24411377389.22754
2022,FTV,20253638613.03369
2023,FTV,25869520468.195312
2020,BEN,8897776474.513184
2021,BEN,13503757738.996582
2022,BEN,10209092090.992676
2023,BEN,12217647951.88623
2020,FCX,21418866297.289307
2021,FCX,44742801018.887695
2022,FCX,38129788435.773926
2023,FCX,52858097070.51709
2020,GPS,5466344031.985474
2021,GPS,7371666161.729736
2022,GPS,2774992801.491211
2023,GPS,3825346106.720215
2020,GRMN,16598930977.584839
2021,GRMN,27710547617.218018
2022,GRMN,14705724557.754517
2023,GRMN,19829886535.90393
2020,GD,34612673989.77832
2021,GD,50389337301.697266
2022,GD,55786257655.958984
2023,GD,59441879033.21484
2020,GE,33123788138.460938
2021,GE,68693106016.30078
2022,GE,41451198393.328125
2023,GE,95134785699.91406
2020,GIS,30128081859.890625
2021,GIS,30224929299.204346
2022,GIS,39893838713.427246
2023,GIS,34242555240.06665
2020,GM,32492535603.33252
2021,GM,57880413704.22363
2022,GM,35318211899.41406
2023,GM,36652472457.27539
2020,GPC,11929336527.72522
2021,GPC,15635158976.135254
2022,GPC,19765717865.93628
2023,GPC,19559708516.204834
2020,GILD,66552136977.265625
2021,GILD,76797244892.93164
2022,GILD,71051713909.23242
2023,GILD,89574040711.85938
2020,GPN,43825626563.884766
2021,GPN,39062297877.42578
2022,GPN,26992846839.066406
2023,GPN,29103253690.603516
2020,GS,57479864572.143555
2021,GS,110038210504.15039
2022,GS,87441057080.07812
2023,GS,99444319403.07617
2020,GT,2183549373.079895
2021,GT,5038960258.79895
2022,GT,2872491954.15979
2023,GT,3538659596.31958
2020,GWW,16595634605.758667
2021,GWW,18567434156.314087
2022,GWW,23423597629.96521
2023,GWW,33490857079.01001
2020,HAL,10037944027.451355
2021,HAL,18169843072.304565
2022,HAL,20949733639.553467
2023,HAL,35046546967.86597
2020,HBI,4994034815.849487
2021,HBI,5637897706.700684
2022,HBI,2393812806.5407715
2023,HBI,1392672581.7357178
2020,HOG,3027224254.9705505
2021,HOG,4570226219.432831
2022,HOG,4426219558.010101
2023,HOG,4267685803.1082153
2020,HIG,9874133283.164062
2021,HIG,19284662290.41797
2022,HIG,17387410397.039062
2023,HIG,20373324533.82422
2020,HAS,9852553490.14917
2021,HAS,10940434847.332275
2022,HAS,8529659455.977905
2023,HAS,8760142298.622559
2020,HCA,31043162514.938354
2021,HCA,60972742965.60669
2022,HCA,46627835769.31763
2023,HCA,62978490974.79248
2022,HCP,5051737692.002563
2023,HCP,3582826220.666809
2020,HP,1227745890.5395508
2021,HP,2394205711.7412567
2022,HP,3325832512.2039795
2023,HP,3977680537.359619
2020,HSIC,7447896085.327148
2021,HSIC,9650081744.018555
2022,HSIC,8333584734.649658
2023,HSIC,9408069000.0
2020,HES,11968952356.68335
2021,HES,23168611552.561523
2022,HES,32756812942.526855
2023,HES,46536207779.17383
2020,HPE,10739687754.954712
2021,HPE,16897926925.991821
2022,HPE,14672758729.694458
2023,HPE,21929075352.583008
2020,HOLX,15439120123.535156
2021,HOLX,17143995752.929688
2022,HOLX,14986188660.27832
2023,HOLX,16119677154.418945
2020,HD,250258362685.76953
2021,HD,302387329518.3633
2022,HD,260090411286.26953
2023,HD,292536214105.9746
2020,HON,98704972545.38965
2021,HON,129511694940.64453
2022,HON,103915752902.6836
2023,HON,117398537164.66113
2020,HRL,24215027608.161133
2021,HRL,20724549470.604492
2022,HRL,23463689980.01172
2023,HRL,20142831005.58203
2020,HST,6751197775.802612
2021,HST,10217523763.084412
2022,HST,10061127805.82428
2023,HST,10686982943.954468
2020,HPQ,16120575406.49414
2021,HPQ,23875053542.907715
2022,HPQ,22385288958.068848
2023,HPQ,23931389302.001953
2020,HUM,48361226266.29639
2021,HUM,45768291593.444824
2022,HUM,57441153057.49512
2023,HUM,58011346623.22998
2020,HBAN,11052192899.893616
2021,HBAN,19428078999.586914
2022,HBAN,17300850659.243164
2023,HBAN,14411422657.265747
2020,IDXX,32355272715.78711
2021,IDXX,51186043707.021484
2022,IDXX,26815262518.489258
2023,IDXX,35989901737.84033
2020,ITW,52386291627.50244
2021,ITW,57245532913.20801
2022,ITW,51274475062.561035
2023,ITW,66876099813.84277
2020,ILMN,47895371932.9834
2021,ILMN,62853767358.39844
2022,ILMN,29565026037.597656
2023,ILMN,21273059481.811523
2020,IR,14307993247.207642
2021,IR,20260281122.08557
2022,IR,17414869608.459473
2023,IR,25685702106.61316
2020,INTC,198716001556.39648
2021,INTC,209841000518.79883
2022,INTC,104840222496.03271
2023,INTC,149511205169.67773
2020,ICE,54491676289.38428
2021,ICE,63248029749.26953
2022,ICE,50425716000.81299
2023,ICE,62354218116.237305
2020,IBM,88781882271.96094
2021,IBM,106598505259.70215
2022,IBM,100223825230.4502
2023,IBM,124301418415.00195
2020,IP,11151640837.006592
2021,IP,15980298363.030273
2022,IP,9952745033.70642
2023,IP,11737406940.0542
2020,IPG,5397769999.861786
2021,IPG,12321863461.011597
2022,IPG,8910097324.653503
2023,IPG,10326920212.297241
2020,IFF,27956817320.265625
2021,IFF,31266048077.0
2022,IFF,21816083858.679688
2023,IFF,17036337878.226562
2020,INTU,89187959792.23633
2021,INTU,148388336625.0
2022,INTU,107113278151.24512
2023,INTU,142351930886.71875
2020,ISRG,84045956281.27734
2021,ISRG,117758387008.23047
2022,ISRG,66607551628.52344
2023,ISRG,103866419019.83203
2020,IVZ,4358855387.4053955
2021,IVZ,9491375806.762695
2022,IVZ,5582882461.82251
2023,IVZ,6192985057.449341
2020,IRM,6505138482.788086
2021,IRM,11249158762.35962
2022,IRM,11957108923.797607
2023,IRM,16901202026.428223
2020,JBHT,12453944649.971008
2021,JBHT,16605544317.55066
2022,JBHT,15660729752.883911
2023,JBHT,19044231267.6239
2020,SJM,10868075784.622192
2021,SJM,11631757537.139893
2022,SJM,13714955033.355713
2023,SJM,12610687541.534424
2020,JNJ,320795171940.5508
2021,JNJ,356898995876.91797
2022,JNJ,370529529196.78125
2023,JNJ,363427701221.53125
2020,JCI,24975639553.063232
2021,JCI,42370141587.17432
2022,JCI,31376163006.414795
2023,JCI,34738818414.41699
2020,JPM,243396212827.26953
2021,JPM,425616668110.3594
2022,JPM,279479180083.53906
2023,JPM,400030372640.9844
2020,JNPR,6322324543.0625
2021,JNPR,8354987484.050781
2022,JNPR,8142707956.813965
2023,JNPR,8915532332.675293
2020,K,18091011723.507324
2021,K,18579299626.709473
2022,K,20956942402.904785
2023,K,18553212674.09668
2020,KEY,9120313837.69873
2021,KEY,17159734622.310059
2022,KEY,13191179761.287354
2023,KEY,9422844436.719238
2020,KMB,43160042954.58984
2021,KMB,40025490621.36841
2022,KMB,35236599860.13794
2023,KMB,39235034718.75
2020,KIM,6420762250.854492
2021,KIM,12252678113.891602
2022,KIM,11248820982.788086
2023,KIM,11264470048.095703
2020,KMI,21133845776.674805
2021,KMI,30782922805.666992
2022,KMI,32564957647.379883
2023,KMI,34560438910.7168
2020,KLAC,24777904053.344727
2021,KLAC,43333888744.384766
2022,KLAC,39680115290.2832
2023,KLAC,60909260128.17383
2020,KSS,1642840080.7971954
2021,KSS,4229901076.4694214
2022,KSS,2358344768.093109
2023,KSS,2136028956.1767578
2020,KHC,30442664633.18994
2021,KHC,39042778383.62988
2022,KHC,36886676157.15088
2023,KHC,38850238988.21484
2020,KR,22496926885.107544
2021,KR,27386704481.774902
2022,KR,30201878807.071533
2023,KR,31597862053.726074
2020,LH,13156472977.942383
2021,LH,19667273369.98584
2022,LH,14394007864.443848
2023,LH,16654154865.8833
2020,LRCX,35784375331.83154
2021,LRCX,64853674538.52344
2022,LRCX,44849451716.239746
2023,LRCX,80445846013.31543
2020,LEG,4566829584.686279
2021,LEG,5149568108.551025
2022,LEG,3994340165.2565002
2023,LEG,3242982364.929199
2020,LEN,18454116173.72168
2021,LEN,21396737695.97461
2022,LEN,17305917824.29834
2023,LEN,26445957619.616455
2020,LLY,126982871164.85938
2021,LLY,201595727255.90625
2022,LLY,286115797222.4219
2023,LLY,480417821202.78125
2020,LNC,4411582981.75
2021,LNC,10008021243.5
2022,LNC,6577599145.25
2023,LNC,3938358940.25
2020,LKQ,6832631709.091187
2021,LKQ,12398773733.73413
2022,LKQ,11842824389.648438
2023,LKQ,12689965736.114502
2020,LMT,81919130288.0249
2021,LMT,75894982450.07324
2022,LMT,87360883872.07031
2023,LMT,94911219769.65332
2020,L,7500991159.583496
2021,L,11698701788.533936
2022,L,10856945367.043945
2023,L,13849377098.674072
2020,LOW,87608561106.17188
2021,LOW,108667395144.51367
2022,LOW,102290687008.30469
2023,LOW,115516447222.54199
2020,LYB,17976709182.941772
2021,LYB,24976377030.880615
2022,LYB,22009974702.131104
2023,LYB,29194098657.24414
2020,MTB,13479730362.179932
2021,MTB,22548268246.479492
2022,MTB,27377032006.648438
2023,MTB,20362510000.744873
2020,MAC,1196514373.5722961
2021,MAC,3108607721.2651978
2022,MAC,1539962664.6158295
2023,MAC,2244815686.804413
2020,M,1408457748.6619263
2021,M,5624413958.0998535
2022,M,4016420844.022888
2023,M,3100438925.1882935
2020,MRO,2151490660.911392
2021,MRO,7309854999.584473
2022,MRO,12234603449.729004
2023,MRO,14707913792.934814
2020,MPC,8731070637.405396
2021,MPC,19247128566.16211
2022,MPC,31817381296.47827
2023,MPC,49652441726.135254
2020,MAR,25438135658.495117
2021,MAR,40690569051.57715
2022,MAR,38646747925.55078
2023,MAR,54776092669.40332
2020,MMC,53010386613.1897
2021,MMC,71095186990.41748
2022,MMC,71064332182.8003
2023,MMC,91890554453.49121
2020,MLM,14011430901.257324
2021,MLM,20482422085.824585
2022,MLM,19437932935.787964
2023,MLM,24945839261.990356
2020,MAS,11210519690.739624
2021,MAS,11440282069.69629
2022,MAS,9799522440.526978
2023,MAS,11468757075.892822
2020,MA,303130872976.58594
2021,MA,313153230882.56055
2022,MA,257513843141.23242
2023,MA,360804437002.3047
2020,MAT,3976829935.16922
2021,MAT,6308543818.473816
2022,MAT,6437706181.526184
2023,MAT,7487997233.390808
2020,MKC,22627002763.908447
2021,MKC,19168257886.551025
2022,MKC,17134760085.56372
2023,MKC,18533487778.211426
2020,MCD,143747450022.64062
2021,MCD,161586354326.82422
2022,MCD,158086089257.98828
2023,MCD,184509947992.78125
2020,MCK,18803068043.014526
2021,MCK,25408308188.827515
2022,MCK,43603218487.24365
2023,MCK,56113871172.576904
2020,MDT,118820761841.39062
2021,MDT,146208368626.03125
2022,MDT,96853038091.66406
2023,MDT,97212301504.52344
2020,MRK,177637369993.03125
2021,MRK,174415094748.42188
2022,MRK,206997012335.8125
2023,MRK,254217810291.01172
2020,MET,22841044687.467773
2021,MET,39351204236.64551
2022,MET,39920472087.78955
2023,MET,42651871530.06445
2020,MTD,20492442400.0
2021,MTD,29226477001.171875
2022,MTD,23004159000.390625
2023,MTD,23512357804.296875
2020,MCHP,25814984405.29419
2021,MCHP,38997931103.860596
2022,MCHP,31473316789.754883
2023,MCHP,41012415824.68408
2020,MU,51033759832.93164
2021,MU,77245319409.3711
2022,MU,54761990178.59131
2023,MU,74978667221.21973
2020,MSFT,1510273228129.4375
2021,MSFT,2042900053775.5
2022,MSFT,1701816913009.6875
2023,MSFT,2329496957123.875
2020,MAA,11888695523.040771
2021,MAA,19708244034.179688
2022,MAA,16744974823.791504
2023,MAA,14398097396.240234
2020,MHK,6159597557.858276
2021,MHK,11196973154.763794
2022,MHK,5755648503.094482
2023,MHK,5416078196.905518
2020,TAP,5876918164.953735
2021,TAP,8180880961.249634
2022,TAP,8718927828.726562
2023,TAP,11879445421.932373
2020,MDLZ,69983497045.78418
2021,MDLZ,72422413464.36328
2022,MDLZ,69853195595.29688
2023,MDLZ,90438643824.31055
2020,MNST,39277146505.43213
2021,MNST,43503605096.74072
2022,MNST,42587789951.62964
2023,MNST,51863466747.283936
2020,MCO,50989265692.62695
2021,MCO,62963089083.740234
2022,MCO,43471746491.02783
2023,MCO,57094797601.44043
2020,MS,68587662030.68848
2021,MS,141403025001.6211
2022,MS,118523943323.41406
2023,MS,126943463254.08105
2020,MSI,24840148181.1416
2021,MSI,37339169812.04004
2022,MSI,36493544431.353516
2023,MSI,44937685362.243164
2020,MUR,1201388386.9481506
2021,MUR,3486938410.2071533
2022,MUR,5018353131.050903
2023,MUR,6646250257.8585205
2020,NDAQ,22215252901.14453
2021,NDAQ,35405344861.30469
2022,NDAQ,31600145934.908203
2023,NDAQ,27510514919.55078
2020,NOV,3436954240.224121
2021,NOV,4973340329.716309
2022,NOV,6210714384.155273
2023,NOV,8110671648.025391
2020,NAVI,786245026.9174576
2021,NAVI,1920069873.2757568
2022,NAVI,1485090268.6786652
2023,NAVI,1808902553.61557
2020,NTAP,8030261027.746948
2021,NTAP,16956194611.495361
2022,NTAP,11981806583.24768
2023,NTAP,15148868013.066406
2020,NFLX,214595370425.87695
2021,NFLX,261936572742.70703
2022,NFLX,101042606764.2461
2023,NFLX,162052703598.61523
2020,NWL,6041555999.755859
2021,NWL,8092912597.65625
2022,NWL,5300222351.074219
2023,NWL,3616583496.09375
2020,NEM,63179135291.42139
2021,NEM,55902813665.68213
2022,NEM,44961228235.362305
2023,NEM,41201813049.69287
2020,NWSA,5099145044.216187
2021,NWSA,8630326120.40509
2022,NWSA,5600220720.919708
2023,NWSA,7518540658.401978
2020,NWS,2558087756.6871643
2021,NWS,4287945084.159851
2022,NWS,2875657851.4442444
2023,NWS,3935042409.172058
2020,NEE,129676799870.21777
2021,NEE,149665820490.7207
2022,NEE,152545540362.15234
2023,NEE,114256249097.8623
2020,NKE,142898325550.70117
2021,NKE,166589576552.27734
2022,NKE,96246977188.66602
2023,NKE,112119020881.98242
2020,NI,8549362884.714355
2021,NI,9761981051.904785
2022,NI,10487366581.417358
2023,NI,10655447482.436768
2020,JWN,1753679809.864563
2021,JWN,3891344984.556885
2022,JWN,2524484442.2612915
2023,JWN,2355379251.6536255
2020,NSC,44587400092.041016
2021,NSC,50656837089.59961
2022,NSC,45190572305.17578
2023,NSC,43458624367.91992
2020,NTRS,13863757051.635742
2021,NTRS,19684577460.81543
2022,NTRS,16043492568.496704
2023,NTRS,13512878133.239746
2020,NOC,43209075467.15625
2021,NOC,50221850420.91016
2022,NOC,66612174886.71094
2023,NOC,63326018496.64844
2020,NRG,5526822688.789368
2021,NRG,7597155121.536255
2022,NRG,7379161207.962036
2023,NRG,7733792594.299316
2020,NUE,9979197182.70111
2021,NUE,22378136686.50818
2022,NUE,24726682315.551758
2023,NUE,36631600722.595215
2020,NVDA,330987967747.66406
2021,NVDA,507292616314.23047
2022,NVDA,297497645809.3828
2023,NVDA,1066707739375.5234
2020,ORLY,26745267377.11487
2021,ORLY,35444962900.38452
2022,ORLY,40798307678.845215
2023,ORLY,52719059652.30713
2020,OXY,8867783219.343628
2021,OXY,26246740256.96704
2022,OXY,54886922131.035645
2023,OXY,58573655292.947266
2020,OMC,8416159213.018799
2021,OMC,12790143856.762207
2022,OMC,11581504714.43335
2023,OMC,14137741370.15625
2020,OKE,11687434184.86084
2021,OKE,28536159656.938477
2022,OKE,26766213444.445312
2023,OKE,35135328513.07324
2020,ORCL,155561543850.7881
2021,ORCL,230665858779.00586
2022,ORCL,164208537623.23242
2023,ORCL,289557140985.8965
2020,PCAR,25883584024.645752
2021,PCAR,24503735706.61377
2022,PCAR,26834434340.799316
2023,PCAR,42614992036.73877
2020,PH,24550340450.134277
2021,PH,34400958006.5918
2022,PH,30291791556.70166
2023,PH,49512697413.0249
2020,PDCO,1843799728.7464142
2021,PDCO,2385384385.4141235
2022,PDCO,1965873344.6216583
2023,PDCO,2516612311.9926453
2020,PAYX,25689256258.078125
2021,PAYX,37202803867.96973
2022,PAYX,38023142930.453125
2023,PAYX,40235837867.697266
2020,PYPL,201429675499.5586
2021,PYPL,266020476400.91016
2022,PYPL,87991941410.88965
2023,PYPL,59765409928.668945
2020,PNR,7155059283.027649
2021,PNR,11504462053.43628
2022,PNR,6527084324.180603
2023,PNR,10581630018.287659
2020,PEP,169730003640.75
2021,PEP,189643139921.40625
2022,PEP,211461415475.53125
2023,PEP,225455416363.0625
2020,PRGO,5558353206.159058
2021,PRGO,5854308475.990967
2022,PRGO,4534603698.642456
2023,PRGO,4193692371.267273
2020,PFE,166655088771.68164
2021,PFE,214229457060.5547
2022,PFE,225090141651.6875
2023,PFE,177494848354.48633
2020,PCG,24501558038.33008
2021,PCG,25049515583.80127
2022,PCG,32616555242.91992
2023,PCG,42088399940.49072
2020,PM,94460647924.80469
2021,PM,125779051986.69434
2022,PM,116214977456.66504
2023,PM,136703505343.62793
2020,PSX,18395994151.04956
2021,PSX,26124498617.838623
2022,PSX,31451021522.59546
2023,PSX,48681117472.684814
2020,PNW,7066256494.644165
2021,PNW,7143225781.570435
2022,PNW,6682021147.506714
2023,PNW,7989528652.984619
2020,PBI,806171652.1692276
2021,PBI,1124759719.9487686
2022,PBI,378974424.35979843
2023,PBI,519695527.2889137
2020,PNC,37740588157.958984
2021,PNC,69277118721.67969
2022,PNC,54485925974.487305
2023,PNC,46743442527.648926
2020,RL,2500551985.2710724
2021,RL,4133791338.608551
2022,RL,3253560495.0897217
2023,RL,4566665269.809723
2020,PPG,26533788262.939453
2021,PPG,31535662515.25879
2022,PPG,24826560975.646973
2023,PPG,29674315758.514404
2020,PPL,16984347969.563477
2021,PPL,18429554930.53125
2022,PPL,17412761429.9563
2023,PPL,16768652432.021606
2022,PX,552406410.5136871
2023,PX,619165907.723999
2020,PFG,8064445645.996094
2021,PFG,13418048199.21875
2022,PFG,15590496302.490234
2023,PFG,16110641542.72461
2020,PG,295892394005.06836
2021,PG,304906326601.6211
2022,PG,281937763569.3262
2023,PG,334260026712.5
2020,PGR,51227163201.07129
2021,PGR,51458533573.76953
2022,PGR,67390749549.62402
2023,PGR,81026245078.3789
2020,PLD,84113394765.36328
2021,PLD,107159848203.38232
2022,PLD,88784324314.14404
2023,PLD,100852736644.41504
2020,PRU,18656541584.014893
2021,PRU,32508206680.29785
2022,PRU,27722292549.1333
2023,PRU,32314786285.40039
2020,PEG,23838678763.209717
2021,PEG,27354857404.335693
2022,PEG,26078039871.110596
2023,PEG,27403302699.509766
2020,PSA,32782629164.398193
2021,PSA,45081652179.07715
2022,PSA,47351165833.6792
2023,PSA,44285437249.72534
2020,PHM,9208562426.78833
2021,PHM,9241709236.953735
2022,PHM,7646941635.20813
2023,PHM,15261736303.131104
2020,PVH,3310492542.6727295
2021,PVH,5705659735.675049
2022,PVH,2491868638.589859
2023,PVH,4264295691.3848877
2020,QRVO,12238055275.871338
2021,QRVO,15859860309.83496
2022,QRVO,7532935862.752441
2023,QRVO,9056408044.91748
2020,QCOM,120454794143.67676
2021,QCOM,134526327911.37695
2022,QCOM,120072468582.15332
2023,QCOM,121192137512.20703
2020,PWR,7723666667.861938
2021,PWR,16675769374.008179
2022,PWR,18706359891.35742
2023,PWR,27522078486.328125
2020,DGX,11713413535.430908
2021,DGX,15149930145.339966
2022,DGX,13029916768.356323
2023,DGX,13202588398.109436
2020,RRC,1564111111.106491
2021,RRC,5346801595.339172
2022,RRC,5983404476.752747
2023,RRC,7766981808.497314
2020,O,42248524463.9375
2021,O,47115241391.75391
2022,O,45540623578.35156
2023,O,41087514452.93359
2020,REGN,60689671436.2793
2021,REGN,65611799265.930176
2022,REGN,74685218260.62012
2023,REGN,89222856702.20947
2020,RF,9007226580.79541
2021,RF,17192356079.248535
2022,RF,16726434563.80371
2023,RF,14967172535.707031
2020,RSG,27710640020.324707
2021,RSG,36226403873.65723
2022,RSG,41622396520.38574
2023,RSG,44236192179.07715
2020,RHI,5038632670.288086
2021,RHI,9721158227.478027
2022,RHI,7541731537.414551
2023,RHI,7407199113.891602
2020,ROK,23358368630.325317
2021,ROK,31635422346.557617
2022,ROK,23549606995.269775
2023,ROK,31832324019.561768
2020,ROP,41360578916.19873
2021,ROP,46945500255.06592
2022,ROP,38049753111.60278
2023,ROP,51555175027.404785
2020,ROST,29674453088.777344
2021,ROST,34861317021.03223
2022,ROST,27352957009.132324
2023,ROST,37098465289.132324
2020,RCL,16623946432.34253
2021,RCL,22844121923.980713
2022,RCL,9733470840.682983
2023,RCL,23663377492.67578
2020,R,1628864587.3046875
2021,R,3297211489.3554688
2022,R,3098135913.8183594
2023,R,4515418328.955078
2020,SPGI,109047641113.28125
2021,SPGI,129533905670.16602
2022,SPGI,93868344665.52734
2023,SPGI,113441915435.79102
2020,CRM,239200037048.33984
2021,CRM,258140334838.8672
2022,CRM,136903281555.17578
2023,CRM,193000873168.9453
2020,SLB,20479674364.01367
2021,SLB,39765228645.62988
2022,SLB,48919836939.697266
2023,SLB,80864130014.64844
2020,STX,8955552004.470825
2021,STX,15530363056.33545
2022,STX,10377955780.258179
2023,STX,13473847556.533813
2020,SEE,5277391234.680542
2021,SEE,7554575336.208618
2022,SEE,6219673391.398315
2023,SEE,4677970523.122925
2020,SRE,32952661240.416016
2021,SRE,36411185915.21631
2022,SRE,44496218894.70215
2023,SRE,41689609191.33496
2020,SHW,56534953172.60742
2021,SHW,68646293321.04492
2022,SHW,50683803920.10498
2023,SHW,63775326677.215576
2020,SIG,793638449.8535156
2021,SIG,3360395278.5568237
2022,SIG,2459785536.4707947
2023,SIG,3125165138.9190674
2020,SPG,16604926988.917236
2021,SPG,35688948341.299805
2022,SPG,26050936409.25293
2023,SPG,33401942306.560547
2020,SWKS,21374219860.351562
2021,SWKS,24505950957.885742
2022,SWKS,12924633948.45581
2023,SWKS,15319328444.244385
2020,SLG,2253512591.8655396
2021,SLG,3630026569.961548
2022,SLG,2196920997.810364
2023,SLG,2269784331.703186
2020,SNA,6992549625.814819
2021,SNA,10172721807.728577
2022,SNA,10059862692.375183
2023,SNA,13077995538.853455
2020,SO,50667436788.8125
2021,SO,60321769188.125
2022,SO,68806728360.70312
2023,SO,68203993351.203125
2020,LUV,21473446129.92578
2021,LUV,29450118995.16504
2022,LUV,17659761729.726074
2023,LUV,15837922802.25586
2020,SWN,2592002819.6116333
2021,SWN,6110508980.644653
2022,SWN,6750237277.93396
2023,SWN,7114220583.223267
2020,SE,81458196929.62646
2021,SE,168548254569.70215
2022,SE,29639912196.548462
2023,SE,23241287803.451538
2020,SWK,22283726962.45459
2021,SWK,24446741080.98291
2022,SWK,10756507861.761963
2023,SWK,12421262461.83081
2020,SBUX,89436395574.95117
2021,SBUX,116769632260.13184
2022,SBUX,91183677374.26758
2023,SBUX,100867232415.77148
2020,STT,15572682599.029541
2021,STT,22827335991.6687
2022,STT,16909834801.712036
2023,STT,19291471239.16626
2020,SRCL,5854263511.491394
2021,SRCL,6310090221.325684
2022,SRCL,3909340860.662842
2023,SRCL,4150715359.0057373
2020,SYK,76086908622.83887
2021,SYK,97266255830.6914
2022,SYK,75604814081.84961
2023,SYK,103147635951.41406
2022,STI,931930487.6867294
2023,STI,1003332079.7012329
2020,SYF,9350299021.223145
2021,SYF,17894233570.302246
2022,SYF,10555636310.92749
2023,SYF,11766444940.094238
2020,SYY,27414851253.739746
2021,SYY,35667533364.447266
2022,SYY,32689279213.442383
2023,SYY,31339247918.17383
2020,TROW,24242817829.02527
2021,TROW,38636941080.87158
2022,TROW,21385052628.723145
2023,TROW,22314873780.38025
2020,TGT,66107545494.24902
2021,TGT,97459356195.71191
2022,TGT,64370721423.10254
2023,TGT,49316164282.81494
2020,TEL,27818559719.475586
2021,TEL,39653333580.68262
2022,TEL,32375872453.534424
2023,TEL,36901207747.41284
2020,TGNA,1769711539.9246216
2021,TGNA,3026838139.1601562
2022,TGNA,3230864354.96521
2023,TGNA,2330339121.34552
2020,TDC,2181470073.3184814
2021,TDC,5511334853.363037
2022,TDC,2984865948.677063
2023,TDC,4326422043.991089
2020,TXN,116709142902.42188
2021,TXN,160961976656.71875
2022,TXN,133042184169.65625
2023,TXN,140800302842.3203
2020,TXT,6731052370.844238
2021,TXT,13037876307.421875
2022,TXT,10893393810.202148
2023,TXT,14626883921.251465
2020,BK,22370464319.138184
2021,BK,34778791006.351074
2022,BK,26576794607.404785
2023,BK,30464333248.470215
2020,CLX,23086875229.431152
2021,CLX,18606570558.425903
2022,CLX,14855864113.105774
2023,CLX,15648077129.493713
2020,COO,16776688292.999268
2021,COO,20571371940.063477
2022,COO,13137143997.34497
2023,COO,15833400376.220703
2020,HSY,19461784215.72876
2021,HSY,23453031443.29834
2022,HSY,31116276865.142822
2023,HSY,28761514707.183838
2020,MOS,5438207602.006348
2021,MOS,10720260162.213135
2022,MOS,14641629792.125977
2023,MOS,11037044529.171387
2020,TRV,22619088469.01758
2021,TRV,32517827895.289062
2022,TRV,33500220417.15039
2023,TRV,36510936672.69336
2020,DIS,223269186199.9375
2021,DIS,304404010918.875
2022,DIS,169737120718.8125
2023,DIS,145841143436.84375
2020,TMO,167093464850.46387
2021,TMO,216667809450.43945
2022,TMO,192745146744.14062
2023,TMO,192843350305.66406
2020,TJX,59187882488.32422
2021,TJX,70953549876.2793
2022,TJX,67975371543.85742
2023,TJX,98820018613.16406
2020,TSCO,14502372781.341553
2021,TSCO,20737849814.956665
2022,TSCO,19337506557.9834
2023,TSCO,21516611456.222534
2020,TDG,23681533141.68091
2021,TDG,31130614309.350586
2022,TDG,26902887108.78296
2023,TDG,43219829823.376465
2020,RIG,709130715.0472832
2021,RIG,3318031327.243469
2022,RIG,2162410964.567398
2023,RIG,7187608864.756531
2020,TRIP,2465166439.201355
2021,TRIP,4259616107.98645
2022,TRIP,2778503030.3993225
2023,TRIP,2086394030.3993225
2020,FOXA,5859856855.781555
2021,FOXA,8546995913.497925
2022,FOXA,6623542138.22937
2023,FOXA,6837584588.039398
2020,FOX,6204463759.680176
2021,FOX,8340085110.283691
2022,FOX,6494947208.132568
2023,FOX,6689172297.762695
2020,TSN,15146170567.444336
2021,TSN,20604757944.1333
2022,TSN,17585554561.701416
2023,TSN,13923253947.269531
2020,USB,47206824973.166016
2021,USB,80790541648.66992
2022,USB,56913758349.5918
2023,USB,49270316980.38867
2020,UDR,9281586237.854004
2021,UDR,15619624377.929688
2022,UDR,12642396094.238281
2023,UDR,11251658190.673828
2020,ULTA,10552750304.704285
2021,ULTA,17004638156.643677
2022,ULTA,18901946608.026123
2023,ULTA,18819967490.130615
2020,UA,2055162751.8692017
2021,UA,3659192255.607605
2022,UA,1244793687.9673004
2023,UA,1332514063.9019012
2020,UAA,2120470973.564148
2021,UAA,3810428017.6239014
2022,UAA,1255666318.0074692
2023,UAA,1293430681.9925308
2020,UNP,109909850310.16895
2021,UNP,111521116595.89551
2022,UNP,113213394244.98633
2023,UNP,121383875936.62695
2020,UAL,11426980944.0
2021,UAL,15642632518.527832
2022,UAL,10696969098.111328
2023,UAL,13909677272.31958
2020,UNH,271962180093.69922
2021,UNH,345757305258.47656
2022,UNH,452702904968.91406
2023,UNH,458594738922.91797
2020,UPS,106772373242.56055
2021,UPS,119333165518.4502
2022,UPS,108884998205.87695
2023,UPS,108986677196.05371
2020,URI,11298488385.127258
2021,URI,22721942297.122192
2022,URI,17489671855.24292
2023,URI,29093498880.615234
2020,UHS,6230098757.507324
2021,UHS,8087744794.604492
2022,UHS,5188470997.509766
2023,UHS,7441744993.444824
2020,UNM,2681611071.6070557
2021,UNM,4196566917.2261963
2022,UNM,6778123318.798828
2023,UNM,8865130633.744873
2020,URBN,1919936876.967682
2021,URBN,2739208475.032318
2022,URBN,1812914938.405487
2023,URBN,3015989211.0597534
2020,VFC,23610273005.849243
2021,VFC,23075389846.7677
2022,VFC,10702191258.468018
2023,VFC,6724879995.474609
2020,VLO,11810079612.579346
2021,VLO,20427026174.01123
2022,VLO,32219308798.828125
2023,VLO,44095064453.73535
2020,VTR,15055006713.042969
2021,VTR,20480310840.539062
2022,VTR,15449996020.341797
2023,VTR,16870445973.722656
2020,VRSN,19993360595.703125
2021,VRSN,20008975463.867188
2022,VRSN,16953119702.148438
2023,VRSN,19766927880.859375
2020,VRSK,25735683863.03711
2021,VRSK,27985435846.801758
2022,VRSK,23986371775.268555
2023,VRSK,33446127956.90918
2020,VZ,199347347701.92773
2021,VZ,188957391186.35156
2022,VZ,139426383740.91797
2023,VZ,127189222143.84375
2020,VRTX,70234714979.73633
2021,VRTX,46817121622.46704
2022,VRTX,74730855285.46143
2023,VRTX,89752386959.47266
2020,V,324557894906.4375
2021,V,363659255014.1719
2022,V,292084971783.5156
2023,V,381216640098.9375
2020,VNO,5451790474.356079
2021,VNO,7170687721.680908
2022,VNO,4192950966.26239
2023,VNO,4276278005.5717163
2020,VMC,17307811488.64746
2021,VMC,21788678864.135742
2022,VMC,20492533822.631836
2023,VMC,26480671764.22119
2020,WMT,353094474927.93164
2021,WMT,357218745027.9453
2022,WMT,337721334098.92773
2023,WMT,422811446277.16016
2020,WBA,25067807766.140625
2021,WBA,34164155204.085938
2022,WBA,23805520320.914062
2023,WBA,17863809701.90625
2020,WM,42548576219.58203
2021,WM,57127989903.76953
2022,WM,62244101032.59668
2023,WM,60264530985.04785
2020,WAT,11615936157.220459
2021,WAT,21210006145.36743
2022,WAT,15999812834.536743
2023,WAT,16277626091.757202
2020,WEC,26861060732.53784
2021,WEC,25149258700.167725
2022,WEC,26267397354.635254
2023,WEC,24469849920.596924
2020,WFC,72953591028.04443
2021,WFC,146083016158.17285
2022,WFC,129239701060.14844
2023,WFC,135073310968.89844
2020,WDC,12634383851.47168
2021,WDC,19509839182.249023
2022,WDC,11251687915.47168
2023,WDC,15773104259.139648
2020,WU,5630640149.779053
2021,WU,5529164323.109253
2022,WU,3908622294.915283
2023,WU,4125921026.0616455
2020,WY,17525292750.264038
2021,WY,22303215267.71338
2022,WY,19174955299.86145
2023,WY,21653494325.67993
2020,WHR,8435506755.639648
2021,WHR,9589166983.569336
2022,WHR,6572447225.109863
2023,WHR,6859901529.577637
2020,WMB,19189586721.305786
2021,WMB,27070052202.44165
2022,WMB,31483217028.498047
2023,WMB,39149316327.91553
2020,WYNN,7843456401.245117
2021,WYNN,9256829504.760742
2022,WYNN,6884460608.337402
2023,WYNN,10143179445.06836
2020,XEL,33955622305.416504
2021,XEL,31609494273.29077
2022,XEL,33270196204.809082
2023,XEL,30715768785.089355
2020,XRX,1835732142.4827576
2021,XRX,2060977533.1878662
2022,XRX,1413733202.0187378
2023,XRX,1815278906.2156677
2020,XYL,19506424269.273438
2021,XYL,28973030011.730957
2022,XYL,20720729860.39746
2023,XYL,21858890485.081055
2020,YUM,23847427781.055176
2021,YUM,32499883991.928223
2022,YUM,28781792734.193848
2023,YUM,34447269897.13623
2020,ZBH,26110827138.97705
2021,ZBH,28245170700.98877
2022,ZBH,20955042207.366943
2023,ZBH,22664659666.44287
2020,ZION,3756980821.295044
2021,ZION,8183465486.022339
2022,ZION,6894416752.929932
2023,ZION,4946632809.706421
2020,ZTS,72661352913.6582
2021,ZTS,85777454733.04688
2022,ZTS,65938838045.134766
2023,ZTS,78046891693.50977
