Ticker,Year,Beta,Current Assets,Cash And Cash Equivalents,Current Liabilities,Total Liabilities Net Minority Interest,Depreciation And Amortization,Capital Expenditure,Net Income,Interest Expense,Tax Rate For Calcs
CASI,2020,-0.10092345783728911,74025000.0,57064000.0,7976000.0,24161000.0,1959000.0,-19327000.0,-48287000.0,,0.0
CAT,2020,0.8585413010430639,39464000000.0,9352000000.0,25717000000.0,62946000000.0,2432000000.0,-2115000000.0,2998000000.0,514000000.0,0.252
CATO,2020,1.2052421545283627,290550000.0,17510000.0,181934000.0,344954000.0,14681000.0,-13956000.0,-47483000.0,187000.0,0.348
CATX,2020,-0.08035064578092811,5507000.0,2392000.0,1575000.0,2976000.0,147000.0,-273000.0,-3446000.0,,0.0
CBAT,2020,4.093105592084337,63170406.0,11681750.0,73708520.0,90360251.0,2700888.0,-5709975.0,-7806898.0,1399095.0,0.0
CBOE,2020,0.550678145291897,1566800000.0,245400000.0,1313300000.0,3167600000.0,158500000.0,-47400000.0,468200000.0,38700000.0,0.291
CBRE,2020,1.3484694325508921,8845631000.0,1896188000.0,7143983000.0,10533483000.0,501728000.0,-266575000.0,751989000.0,67753000.0,0.22
CBRL,2020,1.250690640115086,353596000.0,144593000.0,465262000.0,1728061000.0,121339000.0,-71409000.0,254513000.0,56108000.0,0.18
CBT,2020,1.1820712736446926,978000000.0,151000000.0,529000000.0,1967000000.0,158000000.0,-200000000.0,-238000000.0,53000000.0,0.27
CBUS,2020,1.761963637755954,39590000.0,17299000.0,6945000.0,26452000.0,1869000.0,-1786000.0,-44836000.0,1435000.0,0.0
CBZ,2020,0.8089642836411572,436431000.0,4652000.0,378274000.0,811134000.0,23139000.0,-11576000.0,78299000.0,4983000.0,0.243
CC,2020,1.6817852749745217,2633000000.0,1105000000.0,1442000000.0,6267000000.0,320000000.0,-267000000.0,219000000.0,210000000.0,0.27
CCCC,2020,0.29286309917750125,381009000.0,181727000.0,43852000.0,119347000.0,1617000.0,-650000.0,-66335000.0,1229000.0,0.009349
CCCS,2020,0.10440496014366352,281765000.0,162118000.0,125715000.0,1809761000.0,116362000.0,-30667000.0,-16876000.0,77003000.0,0.217
CCEC,2020,0.6898020155540483,57779000.0,47336000.0,61606000.0,400120000.0,53101000.0,-185247000.0,30367000.0,16741000.0,0.24
CCEL,2020,0.43386110195554106,18556202.0,10361125.0,16414621.0,48865229.0,635975.0,-449962.0,3624596.0,1544017.0,0.2798
CCEP,2020,0.7359371116634972,4076000000.0,1523000000.0,4140000000.0,13212000000.0,727000000.0,-408000000.0,498000000.0,120000000.0,0.283453
CCI,2020,0.32254287350964456,1104000000.0,232000000.0,1969000000.0,29307000000.0,1608000000.0,-1624000000.0,1056000000.0,666000000.0,0.018587
CCJ,2020,0.5780650165129005,1945044000.0,918382000.0,303783000.0,2622270000.0,208662000.0,-77462000.0,-53169000.0,57743000.0,0.265
CCK,2020,0.8473889115680268,4903000000.0,1173000000.0,4282000000.0,14087000000.0,481000000.0,-587000000.0,579000000.0,290000000.0,0.274
CCL,2020,2.7319076020865736,10563000000.0,9513000000.0,8686000000.0,33038000000.0,2241000000.0,-3620000000.0,-10236000000.0,895000000.0,0.001658
CCLD,2020,0.8816806690211484,44819000.0,20925000.0,29024000.0,36754000.0,13023000.0,-7752000.0,-8813000.0,488000.0,0.27
CCLDP,2020,0.1387424777791298,44819000.0,20925000.0,29024000.0,36754000.0,13023000.0,-7752000.0,-8813000.0,488000.0,0.27
CCM,2020,4.907867007497415,675998000.0,334264000.0,512117000.0,2933708000.0,80299000.0,-512902000.0,-309989000.0,81359000.0,0.085189
CCO,2020,1.4956091625350192,1334760000.0,785308000.0,1090206000.0,8537875000.0,419821000.0,-124162000.0,-582739000.0,360259000.0,0.088
CCOI,2020,0.8177723073439752,456337000.0,371301000.0,94443000.0,1293643000.0,83477000.0,-55952000.0,6216000.0,62486000.0,0.397207
CCRN,2020,0.9450007166514148,183111000.0,1600000.0,93423000.0,202064000.0,12671000.0,-4615000.0,-12962000.0,2890000.0,0.015
CDE,2020,2.138378582479599,269608000.0,92794000.0,234108000.0,710498000.0,131387000.0,-99279000.0,25627000.0,19183000.0,0.27
CDLX,2020,1.3952670396795874,385591000.0,293239000.0,81274000.0,265345000.0,11592000.0,-10117000.0,-55422000.0,3048000.0,0.0
CDMO,2020,0.8139529917733257,207804000.0,169915000.0,70936000.0,187774000.0,3453000.0,-9864000.0,11212000.0,1164000.0,0.0
CDNS,2020,0.9991492579049993,1478587000.0,928432000.0,796808000.0,1457767000.0,150136000.0,-94813000.0,590644000.0,20749000.0,0.067
CDP,2020,0.8590616894396167,445785000.0,18369000.0,361205000.0,2357881000.0,140031000.0,-32756000.0,97374000.0,67937000.0,0.003497
CDW,2020,1.3731403039482724,5953500000.0,1410200000.0,3898300000.0,8047600000.0,425600000.0,-158000000.0,788500000.0,154900000.0,0.213
CDXC,2020,-0.092777480806569,32219000.0,16497000.0,16476000.0,21934000.0,1513000.0,-142000.0,-19925000.0,71000.0,0.0
CDZI,2020,0.5131954296601166,8036000.0,7290000.0,3135000.0,99664000.0,381000.0,-5729000.0,-37817000.0,10899000.0,0.27
CE,2020,0.8908457390515284,3763000000.0,955000000.0,1973000000.0,7014000000.0,356000000.0,-364000000.0,1985000000.0,109000000.0,0.11
CEAD,2020,1.555917480780596,3683293.0,2284881.0,5903689.0,6146964.0,310286.0,-9332.0,-1758716.0,17432.0,0.0
CECO,2020,0.6692527488760046,183485000.0,35992000.0,109356000.0,215703000.0,9921000.0,-3945000.0,8211000.0,3535000.0,0.301
CELC,2020,-0.07885960585490319,12166960.0,11637911.0,1185317.0,1254477.0,385591.0,-89371.0,-9474175.0,120.0,0.0
CELH,2020,0.8602319958335518,93150665.0,43248021.0,26365092.0,26962330.0,1611000.0,-574000.0,8524000.0,1074000.0,0.023
CELU,2020,-0.06300165547386849,72160000.0,54311000.0,26677000.0,962408000.0,8174000.0,-27834000.0,-208233000.0,2354000.0,0.022
CELZ,2020,-3.9344495658981207,98012.0,98012.0,40520785.0,40520785.0,66792.0,-250000.0,-36325230.0,1229590.0,0.0
CENN,2020,1.7861787858985203,20133395.0,4549034.0,14536637.0,14892780.0,2487429.0,-174804.0,-19466015.0,1058795.0,0.0
CENT,2020,0.7452634532249156,1525283000.0,652712000.0,440262000.0,1261690000.0,55359000.0,-43055000.0,120676000.0,44016000.0,0.209564
CENTA,2020,0.6984809000783271,1525283000.0,652712000.0,440262000.0,1261690000.0,55359000.0,-43055000.0,120676000.0,44016000.0,0.209564
CENX,2020,2.0458435891865827,456000000.0,81600000.0,240300000.0,853500000.0,83000000.0,-13400000.0,-123300000.0,31600000.0,0.024
CEPU,2020,1.1140091930790175,56081054000.0,420671000.0,42896370000.0,111513053000.0,17509049000.0,-35195941000.0,20263905000.0,11808623000.0,0.3
CERS,2020,0.8439789711394791,183431000.0,36594000.0,59974000.0,117609000.0,3109000.0,-1615000.0,-59857000.0,3746000.0,0.27
CERT,2020,4.255844982821721,346584000.0,271382000.0,75345000.0,447268000.0,42753000.0,-7937000.0,-49397000.0,25296000.0,0.016
CETX,2020,-0.05744356761903221,36198805.0,19487023.0,16290594.0,31980103.0,2682276.0,-1566014.0,-10470081.0,4607453.0,0.27
CEVA,2020,1.0094055517643787,167559000.0,21143000.0,28180000.0,46063000.0,5821000.0,-2935000.0,-2379000.0,444000.0,0.27
CF,2020,0.629295911681496,1367000000.0,683000000.0,906000000.0,6420000000.0,892000000.0,-309000000.0,317000000.0,185000000.0,0.067
CGA,2020,-0.610141847185813,285198981.0,11838593.0,79322261.0,79322261.0,4698482.0,-97483.0,-136752136.0,303966.0,0.25
CGC,2020,1.6241840296920051,2838194000.0,1154653000.0,284330000.0,3201660000.0,127118000.0,-174141000.0,-1744920000.0,8459000.0,0.007804
CGEN,2020,0.996999922148602,129090000.0,7143000.0,10523000.0,18534000.0,715000.0,-166000.0,-29698000.0,42000.0,0.0
CHCI,2020,-0.23503437727367582,12325000.0,7032000.0,4503000.0,17364000.0,100000.0,-115000.0,2082000.0,344000.0,0.0115
CHCT,2020,0.618402280360665,31875000.0,2483000.0,41339000.0,238486000.0,25514000.0,-6995000.0,19077000.0,8620000.0,0.004176
CHD,2020,0.28012093868283655,1112400000.0,183100000.0,1388600000.0,4394100000.0,189700000.0,-98900000.0,785900000.0,61000000.0,0.193
CHDN,2020,1.2377455806387914,235100000.0,67400000.0,424200000.0,2319300000.0,97900000.0,-234200000.0,-81900000.0,80000000.0,0.27
CHE,2020,0.39022946026680316,329403000.0,162675000.0,299108000.0,533711000.0,56583000.0,-58831000.0,319466000.0,2355000.0,0.193
CHEF,2020,2.388990964860997,405662000.0,193281000.0,118102000.0,629735000.0,33276000.0,-7036000.0,-82903000.0,20946000.0,0.329
CHEK,2020,-0.3329727409702945,18417000.0,7703000.0,2981000.0,3260000.0,148000.0,-379000.0,-13846000.0,12000.0,0.0
CHGG,2020,0.18036091864260836,1182955000.0,479853000.0,109732000.0,1641623000.0,62415000.0,-81317000.0,-6221000.0,66297000.0,0.27
CHH,2020,1.3714241219108179,432914000.0,234779000.0,255847000.0,1593085000.0,48456000.0,-34962000.0,75387000.0,49028000.0,0.27
CHKP,2020,0.5962470661764764,2278600000.0,255700000.0,1543800000.0,2373000000.0,27100000.0,-19300000.0,846600000.0,2200000.0,0.13
CHNR,2020,-0.5771516943544641,378365000.0,56580000.0,148663000.0,238257000.0,2384000.0,-7841000.0,24336000.0,3457000.0,0.052029
CHPT,2020,1.1189424742688392,226632000.0,145491000.0,118088000.0,290944000.0,10083000.0,-11484000.0,-197024000.0,3253000.0,0.27
CHR,2020,-0.491692865561212,103117000.0,17731000.0,35356000.0,38949000.0,3357000.0,-2781000.0,48990000.0,282000.0,0.033
CHRS,2020,1.114985778458108,767479000.0,541158000.0,145653000.0,560675000.0,2888000.0,-7231000.0,132244000.0,21166000.0,0.026
CHRW,2020,1.0683792905561256,2941701000.0,243796000.0,1839732000.0,3264325000.0,101727000.0,-54009000.0,506421000.0,44937000.0,0.194
CHT,2020,0.15718823538835427,81803000000.0,30420000000.0,73223000000.0,118907000000.0,36366000000.0,-71116000000.0,33419000000.0,206000000.0,0.196
CHTR,2020,0.615209629418966,3909000000.0,1001000000.0,9875000000.0,113925000000.0,9704000000.0,-7956000000.0,3222000000.0,3848000000.0,0.145514
CHUY,2020,1.1746771107545844,94561000.0,86817000.0,43318000.0,251817000.0,29264000.0,-12149000.0,-3294000.0,257000.0,0.27
CHWY,2020,0.10732593179498807,1226778000.0,563345000.0,1380862000.0,1742914000.0,35664000.0,-130743000.0,-92486000.0,,0.0
CHX,2020,1.9148046958765785,1265845000.0,201421000.0,622560000.0,1863201000.0,214362000.0,-45163000.0,-743930000.0,51731000.0,0.027
CIEN,2020,0.764234161720742,2611159000.0,1088624000.0,760701000.0,1671320000.0,132527000.0,-82667000.0,361291000.0,31321000.0,0.2076
CIG,2020,0.9848701942566551,15456000000.0,1680000000.0,9690000000.0,36605000000.0,989000000.0,-173000000.0,2864000000.0,1407000000.0,0.246251
CIGI,2020,0.7379225489572733,1035811000.0,156614000.0,1108286000.0,2263683000.0,125906000.0,-40353000.0,49074000.0,30949000.0,0.30795
CJJD,2020,-0.10604349596643357,72234243.0,22045628.0,64897934.0,81908286.0,1750890.0,-604179.0,-8119862.0,455187.0,0.25
CL,2020,0.47892112625204186,4338000000.0,888000000.0,4404000000.0,14819000000.0,539000000.0,-410000000.0,2695000000.0,183000000.0,0.216
CLAR,2020,0.5089196152931009,142122000.0,17789000.0,39621000.0,76097000.0,8871000.0,-5411000.0,5545000.0,1261000.0,0.27
CLB,2020,1.7054887788882718,165848000.0,13806000.0,89750000.0,493006000.0,20867000.0,-12378000.0,-97637000.0,14372000.0,0.27
CLBT,2020,0.16422142624740918,324270000.0,128709000.0,159382000.0,300583000.0,5879000.0,-6181000.0,5781000.0,0.0,0.23
CLEU,2020,-0.5635331545795476,12325454.0,5007449.0,1109883.0,1132985.0,15891.0,-21230.0,1208696.0,,0.201
CLFD,2020,1.0107571204025652,52522809.0,16449636.0,10414809.0,12544152.0,2422000.0,-1806000.0,7293000.0,0.0,0.203
CLGN,2020,0.31378524174147865,5676000.0,3333000.0,3388000.0,6364000.0,660000.0,-519000.0,-5774000.0,,0.0
CLH,2020,1.5099232125481874,1525722000.0,519101000.0,636145000.0,2789969000.0,292915000.0,-198285000.0,134837000.0,76582000.0,0.228
CLLS,2020,1.4229345621439704,315362000.0,241148000.0,52015000.0,160625000.0,7834000.0,-44423000.0,-81074000.0,2407000.0,0.0
CLMB,2020,-0.16516687907473213,133177000.0,29348000.0,117182000.0,120816000.0,1105000.0,-23000.0,4474000.0,,0.281
CLMT,2020,0.31110471133116663,534900000.0,109400000.0,544500000.0,1936900000.0,105100000.0,-44000000.0,-149000000.0,125900000.0,0.27
CLNE,2020,0.6318353498259222,263039000.0,108977000.0,79843000.0,192177000.0,47682000.0,-13273000.0,-9864000.0,7348000.0,0.27
CLNN,2020,0.3396168878853703,62989000.0,59275000.0,11668000.0,67902000.0,963000.0,-387000.0,-19277000.0,950000.0,0.0215
CLOV,2020,0.30954139958013893,189782000.0,92348000.0,164228000.0,880445000.0,555000.0,-693000.0,-136392000.0,57108000.0,0.0
CLPT,2020,0.7153425331019028,25462000.0,20099000.0,3200000.0,27141000.0,550000.0,-482000.0,-6782000.0,1444000.0,0.0
CLRO,2020,0.7073935615740603,29282000.0,3803000.0,7097000.0,12509000.0,2475000.0,-5367000.0,505000.0,436000.0,0.27
CLS,2020,1.8550935066156526,2737200000.0,463800000.0,1578200000.0,2255100000.0,124700000.0,-52800000.0,60600000.0,37700000.0,0.32816
CLSD,2020,0.08568182108582942,18118000.0,17287000.0,9943000.0,10559000.0,180000.0,-55000.0,-18210000.0,0.0,0.0
CLSK,2020,0.9470393204228783,8251858.0,3126202.0,5382529.0,5913698.0,2836249.0,-119821.0,-23346143.0,10758750.0,0.0
CLVT,2020,0.3754725292282598,1147564000.0,257730000.0,1423093000.0,5755908000.0,303200000.0,-107700000.0,-350600000.0,111900000.0,0.008
CLW,2020,0.7271160215644177,474900000.0,35900000.0,244800000.0,1279300000.0,111000000.0,-39600000.0,77100000.0,44400000.0,0.215
CLWT,2020,0.805671424428044,10448000.0,3519000.0,5533000.0,5632000.0,49000.0,-11000.0,769000.0,12000.0,0.192771
CLX,2020,0.0013717250770075146,1829000000.0,319000000.0,2056000000.0,5742000000.0,211000000.0,-331000000.0,710000000.0,99000000.0,0.201
CMAX,2020,0.09703302557077814,14881000.0,4934000.0,5451000.0,31776000.0,1501000.0,-2151000.0,7601000.0,1659000.0,0.0
CMBM,2020,-0.07927369930542888,165135000.0,62472000.0,107611000.0,142366000.0,7268000.0,-5066000.0,18575000.0,5326000.0,0.27
CMBT,2020,0.8469941036786484,451873000.0,161478000.0,203594000.0,1375453000.0,319751000.0,-225410000.0,473238000.0,63914000.0,0.004091
CMC,2020,1.2692101693075426,2214103000.0,542103000.0,745263000.0,2192315000.0,165758000.0,-187618000.0,279503000.0,61837000.0,0.249
CMCL,2020,1.5347943816568432,44586000.0,19092000.0,9964000.0,19877000.0,4628000.0,-27840000.0,20780000.0,367000.0,0.375291
CMCO,2020,1.1867068049135834,441842000.0,202127000.0,183859000.0,620283000.0,28153000.0,-12300000.0,9106000.0,12081000.0,0.096268
CMCSA,2020,1.2148474663824254,26741000000.0,11740000000.0,28796000000.0,180851000000.0,13100000000.0,-11634000000.0,10534000000.0,4588000000.0,0.239
CMCT,2020,0.25604222990002257,164477000.0,33636000.0,27033000.0,361666000.0,21085000.0,-14731000.0,-15016000.0,11415000.0,0.045879
CME,2020,0.9430674021265361,89283900000.0,1633200000.0,88197900000.0,98308100000.0,464400000.0,-197500000.0,2105200000.0,166200000.0,0.226
CMI,2020,0.507945460595931,11897000000.0,3401000000.0,6335000000.0,13635000000.0,673000000.0,-575000000.0,1789000000.0,100000000.0,0.225
CMLS,2020,1.4301748662743035,502964000.0,271761000.0,129036000.0,1462147000.0,52290000.0,-14868000.0,-59719000.0,68099000.0,0.243757
CMPO,2020,0.38790270281758016,53488000.0,13422000.0,41615000.0,273911000.0,9916000.0,-7501000.0,77815000.0,5266000.0,0.0
CMPR,2020,1.6570592678999294,528498000.0,183023000.0,638173000.0,2560749000.0,173212000.0,-99461000.0,-85229000.0,119368000.0,0.125
CMPS,2020,1.3793473576908248,202404000.0,190327000.0,6895000.0,6895000.0,112000.0,-131000.0,-60334000.0,,0.19
CMRE,2020,1.6496394564716348,192050000.0,143922000.0,206974000.0,1661696000.0,108892000.0,-101917000.0,8877000.0,63252000.0,0.27
CMS,2020,0.5127294647422981,2404000000.0,32000000.0,3074000000.0,23589000000.0,1043000000.0,-2440000000.0,755000000.0,505000000.0,0.142151
CMT,2020,1.4753461761155247,56478000.0,4131000.0,35995000.0,71576000.0,11662000.0,-3683000.0,8165000.0,5923000.0,0.27
CMTL,2020,1.797772438421501,277097000.0,47878000.0,159712000.0,380348000.0,32156000.0,-7225000.0,7020000.0,6054000.0,0.246
CNC,2020,1.0429783910566242,23393000000.0,10800000000.0,21585000000.0,42757000000.0,1259000000.0,-869000000.0,1808000000.0,728000000.0,0.353
CNDT,2020,1.8228089321992267,1577000000.0,450000000.0,1092000000.0,3066000000.0,459000000.0,-139000000.0,-118000000.0,60000000.0,0.151
CNET,2020,0.7305626467966337,12884000.0,4297000.0,8022000.0,8188000.0,869000.0,-2003000.0,-5216000.0,,0.25
CNH,2020,1.4356218593671382,34614000000.0,8785000000.0,9745000000.0,43690000000.0,538000000.0,-846000000.0,-493000000.0,660000000.0,0.19
CNI,2020,0.6750331420381048,3102000000.0,569000000.0,3274000000.0,25153000000.0,1589000000.0,-2863000000.0,3545000000.0,554000000.0,0.216
CNK,2020,1.790283528990391,892747000.0,655338000.0,606441000.0,4763953000.0,259800000.0,-83900000.0,-616800000.0,153500000.0,0.333657
CNMD,2020,1.2583608554153012,416654000.0,27356000.0,190201000.0,1042635000.0,72625000.0,-13013000.0,9517000.0,44052000.0,0.27
CNNE,2020,0.9527231036968599,844200000.0,724700000.0,202000000.0,828200000.0,55800000.0,-22300000.0,1786200000.0,9000000.0,0.221
CNP,2020,1.0327104585508475,2920000000.0,147000000.0,4825000000.0,25123000000.0,1189000000.0,-2596000000.0,-773000000.0,529000000.0,0.14
CNSL,2020,0.9010363954021842,340661000.0,155561000.0,270470000.0,3118072000.0,324864000.0,-217563000.0,36977000.0,143591000.0,0.227
CNSP,2020,0.9453292814668024,15495843.0,14039493.0,1905428.0,1905428.0,11096.0,-17945.0,-9457871.0,3264.0,0.0
CNTY,2020,2.5810224825253387,94622000.0,63413000.0,60163000.0,553777000.0,30195000.0,-10705000.0,-48002000.0,43104000.0,0.27
CNVS,2020,1.536759198994144,43142000.0,16849000.0,57380000.0,59564000.0,6919000.0,-2609000.0,-62820000.0,4087000.0,0.005
CNXC,2020,5.949568772271815,1423376000.0,152656000.0,1008662000.0,2875471000.0,276566000.0,-171332000.0,164811000.0,48313000.0,0.385
CNXN,2020,0.9460850203730589,858980000.0,95655000.0,342260000.0,379046000.0,13603000.0,-11033000.0,55765000.0,107000.0,0.238141
COCP,2020,0.06848134239578785,34015000.0,33010000.0,1358000.0,1737000.0,157000.0,-240000.0,-9648000.0,8000.0,0.0
CODA,2020,0.32902277960295445,27685897.0,15134289.0,3384522.0,3642883.0,806686.0,-998335.0,3343585.0,70203.0,0.017115
CODI,2020,0.7238307743786883,708367000.0,60023000.0,294711000.0,1378370000.0,95228000.0,-29406000.0,22780000.0,44858000.0,0.27
CODX,2020,-0.3380248120361599,67813209.0,42976713.0,4062857.0,4540688.0,138635.0,-774397.0,42478529.0,0.0,0.002127
COE,2020,0.8203373086876098,247605804.111245,49997244.883902,461958581.421334,470893116.801616,0.0,-4457777.845805,21241000.0,10102.092358,0.0
COEP,2020,-1.5984094540003857,224751.0,202965.0,5279104.0,5443826.0,323428.0,,-9156286.0,148192.0,0.0
COHN,2020,1.0756043602219205,6062320000.0,41996000.0,46251000.0,6047942000.0,334000.0,-217000.0,14205000.0,9694000.0,0.27
COHR,2020,1.1843558567484103,3027394000.0,1591892000.0,729589000.0,2380302000.0,270069000.0,-146337000.0,297552000.0,59899000.0,0.16
COHU,2020,1.280890816608717,485046000.0,149358000.0,174453000.0,578058000.0,52746000.0,-18660000.0,-13801000.0,13759000.0,0.27
COKE,2020,0.6403555507808772,851237000.0,54793000.0,647060000.0,2709460000.0,179017000.0,-202034000.0,172493000.0,36735000.0,0.245
COLD,2020,0.490354383313519,1013820000.0,621051000.0,414215000.0,4038330000.0,216043000.0,-402355000.0,24540000.0,91481000.0,0.27
COLL,2020,1.0250048220455672,277888000.0,174116000.0,239451000.0,457810000.0,61550000.0,-373772000.0,26752000.0,28882000.0,0.03
COLM,2020,1.239251940119547,1855621000.0,790725000.0,552622000.0,1003800000.0,146601000.0,-28758000.0,108013000.0,,0.226
COMM,2020,1.2417623980544223,3354500000.0,521900000.0,1953400000.0,12180000000.0,823300000.0,-121200000.0,-573400000.0,577800000.0,0.124
COO,2020,0.8541877377167375,1274200000.0,115900000.0,1004400000.0,2912700000.0,287100000.0,-310400000.0,238400000.0,36800000.0,0.105441
COOP,2020,0.5146523289808461,12837000000.0,695000000.0,18620000000.0,21661000000.0,73000000.0,-187000000.0,305000000.0,528000000.0,0.23
COP,2020,1.8140741416838506,12066000000.0,2991000000.0,5366000000.0,32769000000.0,5521000000.0,-4715000000.0,-2701000000.0,1058000000.0,0.155
COR,2020,0.6920203573455208,33055702000.0,4597746000.0,33853077000.0,45114466000.0,408013000.0,-369677000.0,-3408716000.0,137883000.0,0.358
COSM,2020,-1.047923873597497,40772946.0,628395.0,34290207.0,48005426.0,397595.0,-117744.0,820786.0,2795110.0,0.315053
COST,2020,0.5610052312487545,29505000000.0,11258000000.0,29441000000.0,41190000000.0,1781000000.0,-3588000000.0,5007000000.0,171000000.0,0.24
COTY,2020,2.090264169662573,1783100000.0,253500000.0,2415400000.0,9508800000.0,585300000.0,-173900000.0,-201300000.0,231800000.0,0.27
CP,2020,0.561698061262013,1321000000.0,147000000.0,2653000000.0,16321000000.0,779000000.0,-1671000000.0,2444000000.0,458000000.0,0.236727
CPA,2020,1.6231215493596456,1219371000.0,119065000.0,813388000.0,2569826000.0,259336000.0,-60484000.0,-607062000.0,73045000.0,0.038
CPAC,2020,-0.0160089086265295,877739000.0,308912000.0,265070000.0,1648729000.0,139167000.0,-52549000.0,57894000.0,70793000.0,0.326015
CPAY,2020,1.4079096183762587,3956318000.0,934900000.0,3968311000.0,7839168000.0,254801000.0,-78425000.0,704216000.0,129803000.0,0.202
CPB,2020,0.3454276332999734,1695000000.0,69000000.0,1814000000.0,8580000000.0,317000000.0,-275000000.0,1002000000.0,210000000.0,0.246
CPHI,2020,1.487932329621605,5321958.0,957653.0,11403676.0,13113460.0,2679470.0,-867307.0,-2866777.0,294159.0,0.0
CPIX,2020,0.23687454031277932,49969592.0,24753796.0,25667446.0,49589911.0,4748565.0,-2113927.0,-3339408.0,263627.0,0.27
CPK,2020,0.3806385191020274,136431000.0,3499000.0,329032000.0,1235402000.0,67716000.0,-165511000.0,71498000.0,21765000.0,0.2499
CPRI,2020,1.5993245701751886,1546000000.0,232000000.0,1621000000.0,5324000000.0,212000000.0,-111000000.0,-62000000.0,43000000.0,0.27
CPRT,2020,0.7849750054019772,1702611000.0,1048260000.0,421031000.0,1032942000.0,123084000.0,-462996000.0,936495000.0,20247000.0,0.165
CPS,2020,2.1473113332865705,1259729000.0,438438000.0,671280000.0,1987833000.0,154229000.0,-91794000.0,-267605000.0,59167000.0,0.184
CPT,2020,0.4439881065445989,444691000.0,420441000.0,325911000.0,3682365000.0,367162000.0,-427247000.0,123911000.0,91526000.0,0.015105
CQP,2020,0.8946553779215267,2135000000.0,1210000000.0,883000000.0,18606000000.0,551000000.0,-972000000.0,1183000000.0,909000000.0,0.27
CRAI,2020,1.175022474378971,219970000.0,45677000.0,200131000.0,349491000.0,24877000.0,-17094000.0,24507000.0,1216000.0,0.271
CRDF,2020,1.4452617491095128,133356000.0,130981000.0,6119000.0,6569000.0,466000.0,-211000.0,-19307000.0,2000.0,0.0
CRDL,2020,0.6910498525579777,14370684.0,6956203.0,690549.0,830828.0,150572.0,-424305.0,-20640935.0,0.0,0.0
CREG,2020,1.5139944726566998,108203797.0,107804013.0,39042407.0,44983327.0,0.0,-1885.0,4050824.0,1463721.0,0.0
CRESY,2020,0.8644018213289001,346997000000.0,151591000000.0,259637000000.0,848309000000.0,4833000000.0,-3627000000.0,9678000000.0,23511000000.0,0.258862
CREX,2020,0.5110804337975327,7027000.0,1826000.0,7333000.0,16283000.0,1474000.0,-657000.0,-16844000.0,1023000.0,0.0093
CRH,2020,1.068573768169062,14977000000.0,7721000000.0,7465000000.0,24596000000.0,1694000000.0,-996000000.0,1122000000.0,476000000.0,0.306
CRI,2020,0.8857098753764864,1946024000.0,1102323000.0,792532000.0,2454547000.0,93999000.0,-32871000.0,109717000.0,56062000.0,0.187
CRIS,2020,0.8250414817631067,172752000.0,129610000.0,10079000.0,73688000.0,144000.0,-677000.0,-29908000.0,5095000.0,0.0
CRL,2020,0.7564252906197415,1201131000.0,228424000.0,839751000.0,3347163000.0,234924000.0,-166560000.0,364304000.0,86433000.0,0.183
CRMD,2020,0.727956969510869,48182169.0,41905469.0,4161583.0,5085291.0,127964.0,-112638.0,-22027683.0,33226.0,0.19
CRMT,2020,0.9922525484054686,719762000.0,2893000.0,25331000.0,415263000.0,3719000.0,-8952000.0,104820000.0,6820000.0,0.22546
CRNC,2020,1.868369679192242,250105000.0,136067000.0,198631000.0,727546000.0,30041000.0,-19012000.0,-18316000.0,22737000.0,0.205
CRNT,2020,0.7491484438554477,199871000.0,27101000.0,100424000.0,126293000.0,12861000.0,-6489000.0,-17092000.0,4130000.0,0.23
CRON,2020,1.2885260386598512,1372172000.0,1078023000.0,206834000.0,217514000.0,7045000.0,-35391000.0,-73137000.0,186000.0,0.265
CROX,2020,0.6212386586268321,492841000.0,135802000.0,291584000.0,828090000.0,27619000.0,-42033000.0,312861000.0,6742000.0,0.27
CRS,2020,2.1896502036976777,1117400000.0,287400000.0,306300000.0,1578900000.0,123600000.0,-100500000.0,-229600000.0,33600000.0,0.229
CRSR,2020,1.1901752203275942,690971000.0,129543000.0,505381000.0,876725000.0,43234000.0,-8989000.0,103217000.0,31023000.0,0.15425
CRTO,2020,0.6703433249560339,1064550000.0,488011000.0,600331000.0,700723000.0,106591000.0,-67287000.0,71679000.0,2381000.0,0.301
CRUS,2020,0.9455112069070449,842519000.0,442164000.0,213610000.0,441609000.0,47083000.0,-20475000.0,217344000.0,1057000.0,0.114
CRVS,2020,1.5833373484969657,45336000.0,16455000.0,12149000.0,13381000.0,632000.0,-76000.0,-5995000.0,,0.0
CRWD,2020,0.241273150684633,2292274000.0,1918608000.0,863553000.0,1860659000.0,40158000.0,-63843000.0,-92629000.0,1559000.0,0.27
CSCI,2020,0.5936120405613928,7097070.171586,4210474.763951,1090485.115593,3853448.978952,1443766.272468,-485463.784937,1455582.044606,137365.507074,0.0
CSCO,2020,0.9469122663971908,39112000000.0,9175000000.0,26257000000.0,56222000000.0,1862000000.0,-692000000.0,10591000000.0,434000000.0,0.201
CSGP,2020,0.8722236432379921,3888512000.0,3693813000.0,330850000.0,1540061000.0,116944000.0,-48347000.0,227128000.0,,0.16
CSGS,2020,0.893577099252213,714591000.0,188699000.0,436260000.0,909605000.0,66873000.0,-29397000.0,58711000.0,18483000.0,0.312163
CSIQ,2020,0.6678945062111386,4185822000.0,1178752000.0,3588355000.0,4644069000.0,209118000.0,-334941000.0,146703000.0,71874000.0,0.27
CSL,2020,0.8734169724267217,2209300000.0,897100000.0,646200000.0,3328700000.0,224200000.0,-95500000.0,320100000.0,76600000.0,0.194
CSPI,2020,0.8478815770824505,41589000.0,19264000.0,12977000.0,24111000.0,452000.0,-230000.0,-1446000.0,228000.0,0.27
CSTE,2020,1.457391167651937,385736000.0,114248000.0,157015000.0,325870000.0,29460000.0,-19824000.0,7218000.0,4307000.0,0.381
CSTL,2020,0.4059948205881004,429594000.0,409852000.0,20876000.0,23637000.0,472000.0,-4751000.0,-10284000.0,2634000.0,0.27
CSTM,2020,1.7423020727170027,1466000000.0,413000000.0,1086000000.0,4230000000.0,259000000.0,-182000000.0,-21000000.0,142000000.0,0.27
CSV,2020,0.456152643563994,35327000.0,889000.0,48367000.0,905323000.0,20688000.0,-15198000.0,16090000.0,32731000.0,0.347
CSWI,2020,1.0708534766142943,219118000.0,10088000.0,82748000.0,464072000.0,23037000.0,-8833000.0,40099000.0,2383000.0,0.212
CSX,2020,0.9115479198326002,4441000000.0,3129000000.0,2019000000.0,26683000000.0,1383000000.0,-1626000000.0,2765000000.0,754000000.0,0.238
CTAS,2020,1.380264524612601,2843309000.0,493640000.0,1934085000.0,4548976000.0,387951000.0,-143470000.0,1110968000.0,98210000.0,0.137279
CTGO,2020,0.36238225085148296,3084162.0,3011918.0,1089395.0,1089395.0,,,-9240041.0,,0.0
CTHR,2020,0.457593947173888,23909069.0,13993032.0,6486060.0,7469010.0,490235.0,-535976.0,-6162083.0,884.0,0.27
CTLP,2020,0.08083251561019739,131279000.0,88136000.0,65673000.0,83141000.0,5512000.0,-1838000.0,-8705000.0,4013000.0,0.27
CTLT,2020,1.0340369343044509,2918000000.0,896000000.0,1196000000.0,4838000000.0,289000000.0,-686000000.0,585000000.0,110000000.0,0.181818
CTMX,2020,0.6443182842543527,324013000.0,191859000.0,68111000.0,366437000.0,2573000.0,-2309000.0,-64820000.0,,0.177
CTO,2020,0.9761906583176727,112596000.0,4289000.0,65647000.0,315801000.0,19063000.0,-167811000.0,78509000.0,10384000.0,0.27
CTOS,2020,0.8824563631435309,103242000.0,3412000.0,71351000.0,799471000.0,84889000.0,-67546000.0,-21277000.0,63200000.0,0.27
CTRA,2020,0.7693342790870428,416000000.0,140000000.0,390000000.0,2308000000.0,391000000.0,-576000000.0,201000000.0,54000000.0,0.1684
CTRE,2020,0.8087608343329787,38418000.0,18919000.0,93823000.0,589417000.0,52819000.0,-8297000.0,80867000.0,23661000.0,0.27
CTRM,2020,0.6463163543214479,13564154.0,8926903.0,10903907.0,21987736.0,1904963.0,-35472173.0,-1753533.0,1030925.0,0.125
CTRN,2020,1.2003806118406486,244442000.0,123177000.0,182845000.0,330959000.0,19259000.0,-16956000.0,23978000.0,776000.0,0.236248
CTS,2020,1.056570392657362,233231000.0,91773000.0,104932000.0,202367000.0,26670000.0,-14858000.0,34686000.0,3272000.0,0.237318
CTSH,2020,0.9697325578587731,6851000000.0,2680000000.0,3540000000.0,6087000000.0,559000000.0,-398000000.0,1392000000.0,24000000.0,0.336
CTSO,2020,0.5721215628646786,82453135.0,71421601.0,10153254.0,10734892.0,660788.0,-1676218.0,-7837188.0,1201067.0,0.126
CTVA,2020,0.7216800004995951,14768000000.0,3526000000.0,8548000000.0,17586000000.0,1177000000.0,-475000000.0,681000000.0,45000000.0,0.27
CTXR,2020,0.12633177783356692,13981985.0,13859748.0,4097133.0,10102987.0,152364.0,-1831.0,-17548085.0,15673.0,0.0
CUBE,2020,0.13928213385968868,51355000.0,3592000.0,374328000.0,2687880000.0,159247000.0,,165621000.0,75890000.0,0.27
CUE,2020,0.9782032922082402,87527404.0,74866133.0,16315966.0,20622328.0,-3145022.0,-595259.0,-44784921.0,,0.0
CUK,2020,2.756437689885287,10563000000.0,9513000000.0,8686000000.0,33038000000.0,2241000000.0,-3620000000.0,-10236000000.0,895000000.0,0.001658
CULP,2020,0.589812426923494,143207000.0,37009000.0,61232000.0,85074000.0,8474000.0,-4585000.0,-28667000.0,106000.0,0.27
CUTR,2020,1.4765175371360921,106296000.0,47047000.0,54358000.0,75853000.0,1394000.0,-1279000.0,-23877000.0,647000.0,0.27
CVAC,2020,0.5192062194429804,1389854000.0,1322593000.0,247622000.0,800009000.0,10671000.0,-47352000.0,-129122000.0,22103000.0,0.005591
CVCO,2020,0.7342804658987755,651799000.0,322279000.0,237104000.0,268193000.0,6324000.0,-25537000.0,76646000.0,738000.0,0.209118
CVE,2020,1.7361240349703735,2976000000.0,378000000.0,2359000000.0,16063000000.0,2334000000.0,-859000000.0,-2379000000.0,536000000.0,0.263
CVEO,2020,-1.2496082895376046,119213000.0,6155000.0,116765000.0,365496000.0,96547000.0,-10083000.0,-134250000.0,16687000.0,0.074
CVGI,2020,0.992806974641763,310537000.0,50503000.0,164887000.0,359003000.0,18493000.0,-7142000.0,-37049000.0,20603000.0,0.167438
CVGW,2020,0.8119881528088231,135895000.0,4055000.0,106331000.0,173622000.0,16093000.0,-11343000.0,-13625000.0,877000.0,0.237
CVI,2020,2.288876838005704,1402000000.0,667000000.0,659000000.0,2759000000.0,278000000.0,-283000000.0,-256000000.0,130000000.0,0.23
CVLG,2020,1.78600008638092,147796000.0,8407000.0,133381000.0,386074000.0,65480000.0,-94049000.0,-42718000.0,6841000.0,0.165682
CVLT,2020,1.0478978259117,607600000.0,397237000.0,373202000.0,510139000.0,15878000.0,-8176000.0,-30954000.0,0.0,0.27
CVM,2020,0.6694856841230957,17697315.0,15508909.0,4265514.0,20809780.0,2159729.0,-2694881.0,-30255244.0,1041725.0,0.0
CVNA,2020,0.41388764146412477,1923000000.0,301000000.0,467000000.0,2233000000.0,74000000.0,-360000000.0,-171000000.0,131000000.0,0.001
CVS,2020,0.9555497198048766,56369000000.0,7854000000.0,62017000000.0,161014000000.0,4441000000.0,-2437000000.0,7179000000.0,2907000000.0,0.263
CVU,2020,0.46103193517970015,37687226.0,6033537.0,30012252.0,59493181.0,1032986.0,-146788.0,-3654753.0,1421955.0,0.014
CVV,2020,3.298067514872818,11789957.0,7699335.0,3704296.0,16810353.0,1389145.0,-1577175.0,-6074952.0,444337.0,0.2
CVX,2020,1.3222198788865176,26078000000.0,5596000000.0,22183000000.0,107064000000.0,16156000000.0,-8922000000.0,-5543000000.0,697000000.0,0.254
CW,2020,1.465332719656967,1300824000.0,198248000.0,810377000.0,2233760000.0,115903000.0,-47499000.0,201392000.0,35545000.0,0.234
CWCO,2020,0.863151879671245,72932206.0,43794150.0,6939116.0,10543003.0,7406509.0,-1728393.0,3711528.0,9669.0,0.0092
CWEN,2020,0.6385640777688123,708000000.0,268000000.0,634000000.0,7877000000.0,518000000.0,-124000000.0,25000000.0,415000000.0,0.27
CWH,2020,0.9325691373451975,1494225000.0,166072000.0,1035521000.0,3265662000.0,51981000.0,-85099000.0,122345000.0,74378000.0,0.143654
CWK,2020,1.5774278052805213,2890700000.0,1074800000.0,2065500000.0,6242300000.0,381800000.0,-41000000.0,-220500000.0,,0.27
CWST,2020,0.7943185999318031,247254000.0,154342000.0,131208000.0,831756000.0,90782000.0,-108108000.0,91106000.0,22371000.0,0.27
CWT,2020,0.8517464702248493,266016000.0,44555000.0,588706000.0,2472904000.0,100935000.0,-298651000.0,96831000.0,41862000.0,0.11041
CX,2020,0.8708108934423326,4235000000.0,950000000.0,5352000000.0,18473000000.0,1105000000.0,-591000000.0,-1467000000.0,800000000.0,0.3
CXDO,2020,0.8913118700769821,19781000.0,17579000.0,2563000.0,4941000.0,258000.0,-921000.0,7940000.0,76000.0,0.27
CXT,2020,1.3089591035976313,1573700000.0,551000000.0,1056600000.0,3057800000.0,127500000.0,-34100000.0,181000000.0,55300000.0,0.193
CXW,2020,0.853660009259407,717122000.0,113219000.0,313405000.0,2295873000.0,150861000.0,-83787000.0,55338000.0,83299000.0,0.073
CYBN,2020,7.1322290239524255,66484000.0,64026000.0,4900000.0,5994000.0,49000.0,-231000.0,-32220000.0,10000.0,0.0
CYBR,2020,0.6665942023556374,1061431000.0,499992000.0,247013000.0,855064000.0,15475000.0,-7174000.0,-5758000.0,17183000.0,0.27
CYCN,2020,2.370672075526481,58501000.0,54395000.0,16952000.0,55885000.0,2297000.0,-1524000.0,-77802000.0,,0.0
CYD,2020,0.4480189927601223,19260985000.0,5877647000.0,13051795000.0,14458248000.0,494607000.0,-1084823000.0,548903000.0,147293000.0,0.198
CYH,2020,-0.5022906789301933,4510000000.0,1676000000.0,2815000000.0,17060000000.0,558000000.0,-440000000.0,511000000.0,1034000000.0,0.27
CYRX,2020,0.7591411193896855,147157000.0,36873000.0,35020000.0,169707000.0,9869000.0,-9669000.0,-32693000.0,2560000.0,0.001375
CYTK,2020,0.34433266678000934,474221000.0,82985000.0,31199000.0,420420000.0,1831000.0,-11052000.0,-127290000.0,38676000.0,0.0
CYTO,2020,6.15833966332456,11617320.0,11258870.0,3029918.0,4029477.0,20036.0,-2315232.0,-8200165.0,135151.0,0.121
CZR,2020,2.203801315567719,6063000000.0,1776000000.0,2513000000.0,31351000000.0,583000000.0,-199000000.0,-1757000000.0,1202000000.0,0.27
DAC,2020,1.371116999423851,118448000.0,65663000.0,239685000.0,1678803000.0,101531000.0,-170661000.0,153550000.0,53502000.0,0.0
DADA,2020,0.2798617184639625,7521982000.0,5461264000.0,2410988000.0,2519071000.0,201272000.0,-23890000.0,-1705176000.0,11830000.0,0.003
DAKT,2020,0.594344799644678,265003000.0,77590000.0,146620000.0,181610000.0,17077000.0,-7891000.0,10926000.0,295000.0,0.222902
DAL,2020,1.5177048463946459,17404000000.0,8307000000.0,15927000000.0,70462000000.0,2312000000.0,-1899000000.0,-12385000000.0,929000000.0,0.205
DAN,2020,1.6683752735968207,3288000000.0,559000000.0,1941000000.0,5362000000.0,365000000.0,-326000000.0,-31000000.0,138000000.0,0.27
DAO,2020,0.8268329951340524,1851566000.0,609199000.0,3393565000.0,3477356000.0,15462000.0,-30770000.0,-1752789000.0,31215000.0,0.0
DAR,2020,1.2382805407895732,986994000.0,81617000.0,675305000.0,2659122000.0,350178000.0,-283925000.0,296819000.0,72686000.0,0.150696
DASH,2020,0.5229233273443475,5517000000.0,4345000000.0,1402000000.0,1653000000.0,120000000.0,-159000000.0,-461000000.0,32000000.0,0.27
DAVA,2020,0.5929755126873877,189688000.0,69884000.0,102756000.0,172597000.0,24447000.0,-5429000.0,43450000.0,2457000.0,0.201
DAY,2020,0.5638637929517959,4122600000.0,188200000.0,3863900000.0,4603100000.0,51800000.0,-59800000.0,-4000000.0,25100000.0,0.27
DBI,2020,2.9116885823326766,780585000.0,59581000.0,752683000.0,1733578000.0,77923000.0,-33030000.0,-488719000.0,23694000.0,0.197
DBVT,2020,1.1937662154460904,207375000.0,196352000.0,52713000.0,66755000.0,10461000.0,-2817000.0,-159555000.0,724000.0,6.3e-05
DCBO,2020,0.3552386847201889,239734000.0,219658000.0,45727000.0,53938000.0,1209000.0,-1081000.0,-8016000.0,434000.0,0.265
DCGO,2020,0.18835192674340606,58423668.0,32418220.0,23495675.0,33225322.0,5507655.0,-6316246.0,-14359944.0,,0.27
DCI,2020,1.0390136123204086,1244000000.0,222800000.0,606600000.0,1263100000.0,95300000.0,-59000000.0,286900000.0,13000000.0,0.247
DCO,2020,1.1001149438872584,410284000.0,56466000.0,142902000.0,508013000.0,28850000.0,-12510000.0,29174000.0,13653000.0,0.088
DCTH,2020,0.3019457524650531,32338000.0,28575000.0,10035000.0,12557000.0,167000.0,-782000.0,-24156000.0,175000.0,0.0
DD,2020,0.9223993928966259,29008000000.0,2544000000.0,12226000000.0,31834000000.0,3094000000.0,-1264000000.0,-2951000000.0,672000000.0,0.27
DDD,2020,1.9718655274908357,357515000.0,75010000.0,175730000.0,302332000.0,44595000.0,-13643000.0,-149594000.0,3991000.0,0.27
DDOG,2020,0.7932336821069326,1718080000.0,224927000.0,297844000.0,932853000.0,15450000.0,-25883000.0,-24547000.0,30434000.0,0.27
DDS,2020,2.2483470218388164,1661940000.0,360339000.0,772877000.0,1651507000.0,216315000.0,-60453000.0,-71654000.0,49613000.0,0.27
DE,2020,0.6469126130099099,51361000000.0,7066000000.0,23481000000.0,62147000000.0,2118000000.0,-2656000000.0,2751000000.0,1247000000.0,0.278651
DECK,2020,0.9669443765555598,1650799000.0,1089361000.0,468368000.0,723480000.0,40530000.0,-32218000.0,382575000.0,6028000.0,0.23716
DEI,2020,1.186591819863035,320716000.0,172385000.0,268482000.0,5254806000.0,369370000.0,-297598000.0,50421000.0,142872000.0,0.27
DELL,2020,0.9638730246214822,43567000000.0,9508000000.0,54132000000.0,115390000000.0,5390000000.0,-2082000000.0,3250000000.0,2052000000.0,0.043
DENN,2020,2.0783110748848808,48666000.0,3892000.0,77178000.0,561395000.0,16161000.0,-6962000.0,-5116000.0,15144000.0,0.281
DEO,2020,0.9959155457649664,15839953497.384228,3804633653.500152,9884573864.422731,32554599053.339607,618650870.540039,-866388020.040413,3681457081.96086,686467185.207739,0.339082
DESP,2020,1.3923659857182533,490770000.0,334430000.0,372318000.0,744627000.0,33097000.0,-17486000.0,-142587000.0,5471000.0,0.130475
DFIN,2020,0.6332892454105129,267200000.0,73600000.0,238500000.0,617800000.0,74200000.0,-31100000.0,-25900000.0,25500000.0,0.27
DG,2020,0.38733544022378047,6914219000.0,1376577000.0,5710783000.0,19201386000.0,574237000.0,-1027963000.0,2655050000.0,150385000.0,0.22
DGII,2020,1.2444554044965537,170058000.0,54129000.0,61230000.0,157182000.0,19299000.0,-899000.0,8411000.0,3592000.0,0.27
DGLY,2020,-0.45908418470250995,17830106.0,4361758.0,3720607.0,6441021.0,250156.0,-699189.0,-2625881.0,342379.0,0.0
DGX,2020,0.2908671480585142,3058000000.0,1158000000.0,1776000000.0,7135000000.0,361000000.0,-418000000.0,1431000000.0,166000000.0,0.245
DHR,2020,0.4410778789048674,13802000000.0,6035000000.0,7402000000.0,36384000000.0,1775000000.0,-791000000.0,3646000000.0,275000000.0,0.189
DHT,2020,1.0782569406154057,118279000.0,68641000.0,47929000.0,513049000.0,124245000.0,-27552000.0,266266000.0,38408000.0,0.003369
DHX,2020,0.9739109477350137,33485000.0,4542000.0,65385000.0,113417000.0,12019000.0,-16104000.0,-30015000.0,831000.0,0.08
DIN,2020,1.4994329099956454,586506000.0,383369000.0,348568000.0,2429596000.0,42829000.0,-10927000.0,-103994000.0,66895000.0,0.042
DINO,2020,2.039495769185614,3310761000.0,1368318000.0,1375156000.0,5784661000.0,520912000.0,-330160000.0,-601448000.0,126527000.0,0.310753
DIOD,2020,1.3688867916491172,1023987000.0,268065000.0,509762000.0,963334000.0,108007000.0,-75813000.0,98088000.0,11662000.0,0.175
DIS,2020,1.1235417701431387,35251000000.0,17914000000.0,26628000000.0,104037000000.0,5345000000.0,-4022000000.0,-2864000000.0,1491000000.0,0.27
DIT,2020,0.1648236202860514,136003042.0,661195.0,41866835.0,123209733.0,3116449.0,-3356573.0,5542590.0,1693251.0,0.285657
DJCO,2020,0.10931869341336893,216308000.0,26922000.0,27990000.0,96834000.0,524000.0,-184000.0,4041000.0,553000.0,0.044
DK,2020,2.432449689875514,2299500000.0,787500000.0,1903200000.0,5009000000.0,267600000.0,-272200000.0,-611400000.0,125700000.0,0.252
DKL,2020,0.3609883304579993,29309000.0,4243000.0,28300000.0,1064718000.0,42942000.0,-13284000.0,159256000.0,42874000.0,0.001398
DKNG,2020,0.8708367401885692,2194305000.0,1817258000.0,554412000.0,807984000.0,77410000.0,-46071000.0,-1231835000.0,1070000.0,0.000505
DKS,2020,0.44827673503302734,3759650000.0,1658067000.0,2550198000.0,5413325000.0,326014000.0,-224027000.0,530251000.0,48812000.0,0.254988
DLB,2020,1.0320782917382134,1547196000.0,1071876000.0,267109000.0,478920000.0,111884000.0,-68987000.0,231363000.0,186000.0,0.034
DLHC,2020,1.3183680029672484,37397000.0,1357000.0,47961000.0,130125000.0,7003000.0,-152000.0,7114000.0,2841000.0,0.29
DLNG,2020,0.5539413652017943,27120000.0,24979000.0,62845000.0,629344000.0,31797000.0,,34052000.0,24146000.0,0.27
DLPN,2020,0.6790117158074741,13896367.0,7923280.0,16852510.0,29683154.0,1946960.0,-103493.0,-2327900.0,2545206.0,0.254
DLTH,2020,1.0111143176793702,209673000.0,46584000.0,95714000.0,324479000.0,28520000.0,-12263000.0,13577000.0,6263000.0,0.257368
DLTR,2020,1.1059798988745744,5050800000.0,1416700000.0,3730300000.0,13410700000.0,686600000.0,-898800000.0,1341900000.0,147300000.0,0.229
DLX,2020,1.344994627585373,506631000.0,123122000.0,411820000.0,1328783000.0,110792000.0,-73720000.0,5244000.0,23140000.0,0.27
DM,2020,0.19343172435058548,612592000.0,483525000.0,30499000.0,125984000.0,8589000.0,-1429000.0,-34015000.0,328000.0,0.03
DNB,2020,0.6138642943038343,874400000.0,352300000.0,828100000.0,5636400000.0,537800000.0,-123000000.0,-116500000.0,271100000.0,0.27
DNMR,2020,0.28218438108483623,402383000.0,377581000.0,50486000.0,190157000.0,5123000.0,-38268000.0,-8853000.0,1427000.0,0.0
DOCU,2020,0.7207652853662447,1162348000.0,566055000.0,1093173000.0,2010770000.0,71090000.0,-82395000.0,-243267000.0,30799000.0,0.27
DOGZ,2020,-2.5335153415839873,11627458.0,1266873.0,10769734.0,12043333.0,2642392.0,-9444474.0,-8441559.0,,0.25
DOOO,2020,0.9076589654051547,2862300000.0,1325700000.0,2192500000.0,5360800000.0,260800000.0,-279900000.0,363400000.0,103400000.0,0.250671
DORM,2020,0.5053585247962389,922931000.0,155576000.0,322645000.0,367102000.0,32307000.0,-15450000.0,106870000.0,599000.0,0.213
DOV,2020,0.7498013324514564,2619187000.0,513075000.0,1916421000.0,5766301000.0,279051000.0,-165692000.0,683451000.0,111937000.0,0.188
DOW,2020,0.9652574842879676,19084000000.0,5104000000.0,11108000000.0,48465000000.0,2874000000.0,-1387000000.0,1225000000.0,827000000.0,0.375
DOX,2020,0.6839246029143429,2074577000.0,983188000.0,1216200000.0,2676466000.0,198409000.0,-205510000.0,497840000.0,10427000.0,0.147
DPZ,2020,0.17777750637648015,869384000.0,168821000.0,470819000.0,4867573000.0,65038000.0,-88768000.0,491296000.0,172166000.0,0.114989
DQ,2020,1.6796069828471178,180271000.0,76596000.0,284135000.0,440228000.0,68686000.0,-118292000.0,129195000.0,25725000.0,0.17
DRD,2020,1.2333670950869509,2189800000.0,1715100000.0,745900000.0,1635000000.0,270800000.0,-181100000.0,635000000.0,66200000.0,0.351313
DRH,2020,2.020842593394736,204341000.0,111796000.0,329176000.0,1427848000.0,114716000.0,-89636000.0,-394375000.0,53995000.0,0.062611
DRI,2020,1.415131456769173,1871100000.0,1214700000.0,1848300000.0,7843000000.0,350900000.0,-270300000.0,629300000.0,65200000.0,0.27
DRIO,2020,0.9441290544784448,34128000.0,28590000.0,7034000.0,7256000.0,190000.0,-118000.0,-29445000.0,,0.0
DRRX,2020,1.3318311281289075,63061000.0,21312000.0,10703000.0,35526000.0,297000.0,-208000.0,-582000.0,2237000.0,0.0
DRS,2020,0.6367248768867166,1263000000.0,61000000.0,975000000.0,1529000000.0,53000000.0,-56000000.0,85000000.0,64000000.0,0.241071
DSGR,2020,0.9961908159865752,143062000.0,28393000.0,97995000.0,133882000.0,6701000.0,-1687000.0,15113000.0,654000.0,0.273
DSGX,2020,0.4690713316063349,203065000.0,133661000.0,104263000.0,152186000.0,61662000.0,-3759000.0,52100000.0,1186000.0,0.26
DSS,2020,-1.5526123491085488,12450000.0,5183000.0,8872000.0,15374000.0,1068000.0,-321000.0,1899000.0,183000.0,0.27
DSX,2020,1.0436055280891303,104661000.0,62909000.0,61589000.0,443840000.0,42991000.0,-6139000.0,-134197000.0,20163000.0,0.0
DT,2020,1.5214603978547696,680282000.0,324962000.0,647911000.0,1142617000.0,60964000.0,-13879000.0,75714000.0,14205000.0,0.027475
DTE,2020,0.6305721492426573,3498000000.0,472000000.0,2691000000.0,32907000000.0,1443000000.0,-3857000000.0,1368000000.0,601000000.0,0.034
DTIL,2020,0.6982046151423699,105564000.0,89798000.0,42829000.0,105733000.0,9813000.0,-5031000.0,-109006000.0,0.0,0.0
DTST,2020,1.1610298990169179,1687657.0,893598.0,4354105.0,5831156.0,1032566.0,-181072.0,200016.0,175602.0,0.0
DUK,2020,0.5680088960357431,8682000000.0,259000000.0,16305000000.0,113204000000.0,5486000000.0,-9907000000.0,1377000000.0,2097000000.0,0.27
DUO,2020,1.4750674212893868,3475209000.0,843448000.0,2557980000.0,2581954000.0,3781000.0,-10248000.0,-220288000.0,12989000.0,0.25
DUOT,2020,0.2770224408786547,5803060.0,3969100.0,3636002.0,4521991.0,456515.0,-287331.0,-6747435.0,150137.0,0.0
DVA,2020,0.9806075109060274,3148724000.0,324958000.0,2476143000.0,14091736000.0,630435000.0,-674541000.0,773642000.0,304111000.0,0.238
DVAX,2020,1.2915424669491211,290015000.0,32073000.0,77411000.0,294579000.0,9335000.0,-11072000.0,-75240000.0,19062000.0,0.0
DWSN,2020,0.6678660685867965,65618000.0,26271000.0,18257000.0,24443000.0,21826000.0,-4396000.0,-15213000.0,435000.0,0.015
DXC,2020,1.59790299587844,8208000000.0,2968000000.0,8150000000.0,16730000000.0,1988000000.0,-515000000.0,-149000000.0,361000000.0,0.27
DXCM,2020,1.4420913817133565,3424800000.0,817600000.0,614100000.0,2464000000.0,67100000.0,-199000000.0,493600000.0,84700000.0,0.27
DXLG,2020,3.146794405624729,114130000.0,18997000.0,155035000.0,310832000.0,21477000.0,-4243000.0,-64538000.0,3917000.0,0.27
DXPE,2020,1.6881670646717915,409425000.0,119328000.0,147139000.0,506995000.0,24558000.0,-6672000.0,-29269000.0,20571000.0,0.386977
DY,2020,0.8268872129519231,1168630000.0,11770000.0,448490000.0,1132857000.0,175897000.0,-58047000.0,34337000.0,29671000.0,0.27
DYN,2020,0.6213181426119633,349087000.0,300852000.0,10967000.0,10967000.0,700000.0,-1161000.0,-59437000.0,396000.0,0.0
E,2020,1.3826140153429785,32902000000.0,9413000000.0,24085000000.0,72155000000.0,7304000000.0,-4644000000.0,-8635000000.0,4958000000.0,0.24
EA,2020,0.5310892650950928,7213000000.0,5260000000.0,2964000000.0,5448000000.0,181000000.0,-124000000.0,837000000.0,45000000.0,0.177
EAF,2020,1.2261106213182333,629167000.0,145442000.0,198093000.0,1762097000.0,62963000.0,-36075000.0,434374000.0,88895000.0,0.148
EAST,2020,1.1446073011606694,12841000.0,836000.0,30259000.0,32840000.0,2286000.0,-524000.0,-9860000.0,1089000.0,0.0
EAT,2020,1.1778445554271175,207200000.0,23900000.0,571600000.0,2578200000.0,150200000.0,-94000000.0,131600000.0,56200000.0,0.094
EB,2020,2.004095975100188,537133000.0,505756000.0,246536000.0,480113000.0,22610000.0,-6282000.0,-224718000.0,24586000.0,0.000356
EBAY,2020,0.7146072860263796,7190000000.0,1101000000.0,4002000000.0,15749000000.0,583000000.0,-463000000.0,5667000000.0,304000000.0,0.256
EBF,2020,0.8017658080144711,148074000.0,75190000.0,35052000.0,63839000.0,18037000.0,-3679000.0,24094000.0,11000.0,0.276
EBON,2020,-0.053081558936507504,68600060.0,13669439.0,34256761.0,34376460.0,7152958.0,-22761282.0,-30675420.0,728346.0,0.25
EBR,2020,1.318371100654928,44822437000.0,286607000.0,27389974000.0,105215155000.0,1255812000.0,-1059063000.0,6387314000.0,2850866000.0,0.057
EBS,2020,1.0633869517941779,1195900000.0,621300000.0,384500000.0,1436200000.0,114500000.0,-141900000.0,305800000.0,31300000.0,0.26
ECL,2020,1.1173675473400635,5117400000.0,1260200000.0,2932200000.0,11924500000.0,812700000.0,-489000000.0,-1205100000.0,304800000.0,0.152
ECPG,2020,0.8850252952803896,278293000.0,189184000.0,843477000.0,3644447000.0,42780000.0,-34600000.0,211848000.0,209356000.0,0.249
ECVT,2020,1.1194665767286094,428667000.0,113377000.0,201865000.0,1921169000.0,76926000.0,-54837000.0,-278771000.0,50409000.0,0.27
ED,2020,0.5408261539443511,5301000000.0,1272000000.0,7354000000.0,43830000000.0,1920000000.0,-3909000000.0,1101000000.0,1019000000.0,0.07
EDAP,2020,0.2717280010394282,45393000.0,24696000.0,21504000.0,28946000.0,2105000.0,-1973000.0,-1704000.0,108000.0,0.28
EDIT,2020,0.7767155973147803,419087000.0,139682000.0,58208000.0,179016000.0,3959000.0,-7162000.0,-115976000.0,,0.0
EDN,2020,0.5486778407590003,35167000000.0,6582000000.0,63624000000.0,129608000000.0,20045000000.0,-28942000000.0,-52017000000.0,27230000000.0,0.167581
EDRY,2020,-0.9318642723064194,6055895.0,938282.0,19259797.0,72912493.0,6556256.0,-611106.0,-5877861.0,2331998.0,0.0
EDTK,2020,1.0004069872566517,25035069.0,17453360.0,13327825.0,13640721.0,10341144.0,-12864698.0,3498005.0,0.0,0.25
EDU,2020,0.511995322249769,6574155000.0,1612211000.0,3471445000.0,5132877000.0,230443000.0,-436348000.0,334414000.0,6747000.0,0.265378
EDUC,2020,0.7368751931663022,58140600.0,1812200.0,37915300.0,48590700.0,1633200.0,-4145300.0,12624000.0,561000.0,0.267
EEFT,2020,1.111863675253372,3365935000.0,1831309000.0,1855441000.0,3480808000.0,127021000.0,-97628000.0,-3399000.0,36604000.0,0.27
EEX,2020,1.4499275552263615,352300000.0,295300000.0,115600000.0,1058200000.0,48600000.0,-4000000.0,-633600000.0,20600000.0,0.083333
EFOI,2020,1.6559039207423456,11076000.0,1836000.0,7557000.0,8142000.0,184000.0,-223000.0,-5981000.0,481000.0,0.001
EFSH,2020,-0.0548173483404428,5874530.0,976538.0,8083830.0,15993790.0,192543.0,-72794.0,-9608649.0,249626.0,0.048
EFX,2020,0.8267774861527747,2478300000.0,1684600000.0,2483100000.0,6401500000.0,399300000.0,-421300000.0,520100000.0,141600000.0,0.232
EFXT,2020,0.47470950096111,489606794.441482,75030584.397252,225509739.954202,613947269.362276,66866118.761567,-104891150.914395,69073684.870918,18322406.599956,0.076414
EGHT,2020,0.9067004145637779,276533000.0,112531000.0,121378000.0,517905000.0,45117000.0,-35246000.0,-165585000.0,18711000.0,0.27
EGO,2020,1.2836699138459071,754096000.0,451962000.0,262037000.0,1243500000.0,220224000.0,-188858000.0,124795000.0,50741000.0,0.399175
EGP,2020,0.742892616949891,73789000.0,21000.0,208461000.0,1450285000.0,116359000.0,-17516000.0,108363000.0,33927000.0,0.27
EGY,2020,0.6682073705077752,63978000.0,47853000.0,52576000.0,79774000.0,9563000.0,-24328000.0,-48181000.0,0.0,0.27
EH,2020,1.228731001996076,424461000.0,137840000.0,158047000.0,206849000.0,6192000.0,-9079000.0,-87619000.0,2337000.0,0.25
EHC,2020,0.883957945188651,948600000.0,224000000.0,717300000.0,4444300000.0,203000000.0,-404600000.0,284200000.0,183700000.0,0.212
EHTH,2020,0.9969538711749462,330992000.0,43759000.0,84408000.0,202464000.0,12943000.0,-23756000.0,45450000.0,,0.158
EIX,2020,0.7050453794161,5061000000.0,87000000.0,10277000000.0,53423000000.0,2021000000.0,-5480000000.0,871000000.0,902000000.0,0.27
EKSO,2020,1.6142943512296681,18420000.0,12862000.0,4974000.0,16163000.0,620000.0,,-15825000.0,139000.0,0.0
EL,2020,1.038849389234345,9768000000.0,4958000000.0,5298000000.0,15023000000.0,651000000.0,-637000000.0,2870000000.0,173000000.0,0.136896
ELA,2020,1.4331947052140663,23510348.0,9218036.0,6052763.0,23000650.0,728626.0,-5864588.0,6383943.0,620499.0,0.013844
ELAN,2020,1.3586158246864264,3417000000.0,495000000.0,2077000000.0,9217000000.0,517000000.0,-311000000.0,-574000000.0,150000000.0,0.15
ELF,2020,0.6886326508273334,170144000.0,57768000.0,73331000.0,217747000.0,25179000.0,-6474000.0,6232000.0,3248000.0,0.27
ELLO,2020,-0.08125712947606538,88035000.0,66845000.0,42701000.0,335146000.0,2975000.0,-128420000.0,-4627000.0,4465000.0,0.019863
ELME,2020,1.2591509294826884,933286000.0,7697000.0,139118000.0,1088709000.0,120030000.0,,-15680000.0,37305000.0,0.0
ELP,2020,0.9574607808694429,11407431000.0,3222768000.0,9654392000.0,26534146000.0,1009912000.0,-236550000.0,3904202000.0,12550000.0,0.251
ELS,2020,0.5845699195083649,59904000.0,24060000.0,669284000.0,3114214000.0,157760000.0,-167957000.0,228284000.0,102771000.0,0.27
ELSE,2020,-3.6366851489386627,11856000.0,1090000.0,533000.0,545000.0,360000.0,-25000.0,-124000.0,3000.0,0.27907
ELTK,2020,0.132998878376568,18820000.0,4735000.0,9701000.0,19890000.0,1592000.0,-1082000.0,2608000.0,16000.0,0.026502
ELUT,2020,-0.003859236250466301,59707000.0,39150000.0,26779000.0,61979000.0,3864000.0,-640000.0,-21825000.0,5633000.0,0.001
ELVA,2020,0.7772820514096637,8067000.0,1124000.0,16451000.0,19357000.0,209000.0,-40000.0,1112000.0,3097000.0,0.265
EME,2020,0.9645757618490629,3120936000.0,902867000.0,2163232000.0,3010596000.0,106671000.0,-47969000.0,132943000.0,9009000.0,0.27
EML,2020,1.140140414428105,111735772.0,15320776.0,40665962.0,171221896.0,6815783.0,-2335308.0,5405522.0,2058600.0,0.1
EMN,2020,1.1015831091072381,3541000000.0,564000000.0,2038000000.0,9975000000.0,574000000.0,-396000000.0,478000000.0,210000000.0,0.077358
EMR,2020,0.9866391648176752,8806000000.0,3315000000.0,5785000000.0,14435000000.0,854000000.0,-538000000.0,1965000000.0,175000000.0,0.148
EMX,2020,1.1469235027438949,58219000.0,41141000.0,4068000.0,4068000.0,49405.564792,-4144577.935318,-4710781.392139,,0.265
ENB,2020,0.7667172900456287,7350000000.0,452000000.0,13979000000.0,95913000000.0,3712000000.0,-5620000000.0,3363000000.0,2844000000.0,0.185
ENG,2020,2.974819259661482,26476000.0,13706000.0,12437000.0,16815000.0,449000.0,-428000.0,-625000.0,153000.0,0.27
ENLC,2020,1.667989245733399,651400000.0,39600000.0,888000000.0,5337900000.0,638600000.0,-302200000.0,-421500000.0,204200000.0,0.27
ENOV,2020,1.4256292641046786,1361829000.0,97068000.0,811658000.0,3763675000.0,246229000.0,-114785000.0,42625000.0,52824000.0,0.374595
ENPH,2020,0.9087407152785693,933064000.0,679379000.0,534043000.0,716109000.0,18103000.0,-20558000.0,133995000.0,21001000.0,0.27
ENR,2020,1.0340345297638591,2210900000.0,459800000.0,1648400000.0,5419200000.0,111900000.0,-65300000.0,-93300000.0,195000000.0,0.309
ENS,2020,1.0444824665751837,1691317000.0,451808000.0,676988000.0,1919221000.0,94082000.0,-70020000.0,143374000.0,38436000.0,0.157293
ENSG,2020,1.0740454174070715,582956000.0,236562000.0,562399000.0,1727351000.0,54571000.0,-50326000.0,170478000.0,9362000.0,0.213
ENSV,2020,0.25127967712852606,4880000.0,1467000.0,4574000.0,27628000.0,5282000.0,-361000.0,-2509000.0,1695000.0,0.27
ENTA,2020,0.6065337846099536,436837000.0,87131000.0,24157000.0,30552000.0,3644000.0,-1445000.0,-36168000.0,,0.27
ENTG,2020,1.020136678326938,1234257000.0,580893000.0,302626000.0,1538202000.0,136522000.0,-131752000.0,294969000.0,48600000.0,0.167
ENTO,2020,-0.06756877865476951,7869784.0,6062141.0,15545425.0,15564548.0,565345.0,-4167.0,-32671466.0,5840614.0,0.0
ENTX,2020,0.044273739996352576,9109000.0,8593000.0,1841000.0,2212000.0,63000.0,-53000.0,-11216000.0,28000.0,0.27
ENV,2020,0.9470855858225812,505199000.0,384565000.0,236369000.0,1168472000.0,113661000.0,-66996000.0,-3110000.0,27312000.0,0.27
ENVA,2020,1.8718748656952418,1651007000.0,297273000.0,156423000.0,1189241000.0,19732000.0,-29491000.0,377844000.0,86691000.0,0.131
ENVB,2020,2.390095376026674,2279170.0,1578460.0,681250.0,681250.0,120872.0,-44143.0,-6864676.0,445250.0,0.0
EOLS,2020,1.5226295221755652,127612000.0,102562000.0,180248000.0,282026000.0,7681000.0,-3138000.0,-163013000.0,10503000.0,0.27
EOSE,2020,-2.603526379016692,127367000.0,121853000.0,13585000.0,17479000.0,1558000.0,-3605000.0,-70643000.0,23821000.0,0.0
EOSEW,2020,-7.271771807438232,127367000.0,121853000.0,13585000.0,17479000.0,1558000.0,-3605000.0,-70643000.0,23821000.0,0.0
EP,2020,1.0506766922994712,2222533.0,157695.0,6072710.0,29690639.0,,-513510.0,-16835433.0,521187.0,0.0
EPAC,2020,1.0089010373861484,341132000.0,152170000.0,105522000.0,465068000.0,20720000.0,-12053000.0,723000.0,19218000.0,0.292
EPAM,2020,0.6898879537318022,1912782000.0,1322143000.0,465950000.0,738314000.0,129243000.0,-68793000.0,327160000.0,,0.136
EPC,2020,0.6799762749166128,983600000.0,364700000.0,510500000.0,2108000000.0,88800000.0,-47700000.0,67600000.0,61200000.0,0.226
EPD,2020,0.8938636128383984,9909400000.0,1059900000.0,8988000000.0,38729300000.0,1840000000.0,-3288000000.0,3776000000.0,1287000000.0,0.27
EQ,2020,0.5059948653230143,85174000.0,23982000.0,7245000.0,15574000.0,45000.0,-202000.0,-29813000.0,1099000.0,0.0
EQIX,2020,0.5111435683248365,2609155000.0,1604869000.0,2024750000.0,16372723000.0,1423369000.0,-2282504000.0,369777000.0,406466000.0,0.283
EQNR,2020,1.1846575968503823,32185000000.0,5757000000.0,19820000000.0,90917000000.0,15235000000.0,-8476000000.0,-5510000000.0,979000000.0,0.22
EQR,2020,1.4174105743880232,99728000.0,42591000.0,820354000.0,9184454000.0,832443000.0,-166244000.0,913636000.0,365073000.0,0.000914
EQT,2020,0.7677575451843905,1215450000.0,18210000.0,1762410000.0,8850739000.0,1444953000.0,-1042231000.0,-958799000.0,259268000.0,0.235
ERIC,2020,0.7122996383733885,149795000000.0,43612000000.0,114320000000.0,186353000000.0,7978000000.0,-5310000000.0,17483000000.0,1625000000.0,0.352
ERII,2020,0.9013971572653795,143191000.0,94255000.0,15729000.0,32690000.0,5299000.0,-6785000.0,26387000.0,0.0,0.18
ERJ,2020,1.7737072261826021,6115700000.0,1883100000.0,2428700000.0,7608500000.0,292100000.0,-223700000.0,-731900000.0,219800000.0,0.34
ERNA,2020,1.3161090140778657,1732000.0,1630000.0,3125000.0,5247000.0,98000.0,-39000.0,-7291000.0,43000.0,0.0
ERO,2020,1.2467282185904869,127541000.0,62508000.0,91720000.0,283024000.0,39348000.0,-117806000.0,51622000.0,10150000.0,0.145304
ES,2020,0.6167789223228413,3130143000.0,106599000.0,4915012000.0,31880462000.0,1159059000.0,-2942996000.0,1205167000.0,538452000.0,0.222
ESCA,2020,1.1000466957879287,145398000.0,3505000.0,46072000.0,81549000.0,4016000.0,-5455000.0,25934000.0,250000.0,0.212259
ESE,2020,1.0690146032319625,443293000.0,52560000.0,255484000.0,411160000.0,41338000.0,-41131000.0,99411000.0,6730000.0,0.371
ESEA,2020,1.497634374026033,9690793.0,3559399.0,28645782.0,83247641.0,6605976.0,-647069.0,4041431.0,4125150.0,0.24
ESI,2020,0.8951934470072352,989900000.0,291900000.0,314300000.0,2165300000.0,161400000.0,-28800000.0,75700000.0,63400000.0,0.05
ESLT,2020,0.6651973760007738,4272898000.0,278794000.0,3622154000.0,5826530000.0,144420000.0,-132210000.0,237658000.0,23935000.0,0.1392
ESOA,2020,-0.3641241272898215,41771572.0,11216820.0,18850037.0,32339257.0,4395362.0,-3534821.0,2433017.0,486246.0,0.32
ESPR,2020,0.6712718796637785,345896000.0,304962000.0,94069000.0,449392000.0,547000.0,-13369000.0,-143551000.0,22670000.0,0.0
ESS,2020,1.1979469810935677,484851000.0,73629000.0,356034000.0,6720746000.0,525497000.0,-90085000.0,568870000.0,220633000.0,0.001771
ESTA,2020,0.40690288488105864,132299000.0,84523000.0,25900000.0,81427000.0,3711000.0,-3907000.0,-38121000.0,9373000.0,0.3
ESTC,2020,0.6035365829295912,637214000.0,400814000.0,450015000.0,522341000.0,17237000.0,-4229000.0,-129434000.0,185000.0,0.27
ETD,2020,0.7534121683155204,295279000.0,104596000.0,223902000.0,331827000.0,16385000.0,-12029000.0,60005000.0,874000.0,0.214707
ETN,2020,0.8271064068107308,9178000000.0,438000000.0,5881000000.0,16851000000.0,811000000.0,-389000000.0,1410000000.0,149000000.0,0.19
ETNB,2020,0.6479387984772211,210202000.0,98183000.0,8113000.0,8113000.0,60000.0,-126000.0,-49499000.0,,0.001191
ETR,2020,0.6997659020978274,4559899000.0,1759099000.0,7060506000.0,47278070000.0,2257750000.0,-5156861000.0,1406653000.0,785663000.0,0.27
ETSY,2020,0.7446526927305089,1894781000.0,1244099000.0,454664000.0,1662065000.0,58189000.0,-7110000.0,349246000.0,42025000.0,0.045
ETWO,2020,0.08226917098045927,332842000.0,194717000.0,183981000.0,1360819000.0,,,-71271892.0,1430085.0,0.0
EU,2020,1.5878783167709498,5432137.143574,5178394.08388,706029.047335,5940199.661219,20166.096804,-70677.405188,-1738496.345557,0.0,0.0
EVC,2020,1.8427347413496977,310065000.0,119162000.0,137139000.0,438080000.0,17282000.0,-9218000.0,-3910000.0,8265000.0,0.27
EVGN,2020,1.1191405200817635,51823000.0,46229000.0,9676000.0,15033000.0,2727000.0,-682000.0,-23374000.0,237000.0,0.23
EVGO,2020,-0.32305860154890503,19972000.0,7914000.0,63581000.0,92654000.0,18665000.0,-19344000.0,0.0,1414000.0,0.0
EVH,2020,0.9629110381835049,547649000.0,319002000.0,403294000.0,752100000.0,61475000.0,-29473000.0,-334246000.0,28325000.0,0.007
EVI,2020,0.5159117404970388,65223000.0,6057000.0,49462000.0,71110000.0,4596000.0,-2824000.0,8384000.0,635000.0,0.152
EVLV,2020,0.006163593122886867,10309000.0,4704000.0,12119000.0,106041000.0,1065000.0,-6609000.0,-27392000.0,430000.0,0.0
EVO,2020,0.369303132346367,658844000.0,422580000.0,208459000.0,737881000.0,56058000.0,-99072000.0,6278000.0,8465000.0,0.3
EVRG,2020,0.467935505459192,1624300000.0,144900000.0,2355800000.0,18396300000.0,938400000.0,-1560300000.0,618300000.0,383900000.0,0.14
EVTC,2020,0.8242876276243893,359046000.0,202649000.0,152992000.0,730150000.0,71518000.0,-48640000.0,104436000.0,25074000.0,0.153424
EVTL,2020,-0.08170640971883449,4371000.0,839000.0,8889000.0,9823000.0,682000.0,-388000.0,-12326000.0,783000.0,0.19
EVTV,2020,1.614055298499669,1939132.0,136222.0,2728043.0,2880878.0,17670.0,-73091.0,-279521.0,2864.0,0.312914
EW,2020,1.1259697037442462,3091000000.0,1183200000.0,893900000.0,2662800000.0,107200000.0,-407300000.0,823400000.0,15800000.0,0.101778
EXAS,2020,0.2613612659962256,2198594000.0,1491288000.0,633095000.0,2689539000.0,163362000.0,-65078000.0,-823605000.0,11819000.0,0.006
EXC,2020,0.973211821272531,12562000000.0,663000000.0,12771000000.0,94449000000.0,6527000000.0,-8048000000.0,1963000000.0,1635000000.0,0.15988
EXEL,2020,0.8870283970389791,1445395000.0,319217000.0,204658000.0,258220000.0,9141000.0,-30345000.0,111781000.0,,0.146
EXK,2020,2.0325241827681757,104970000.0,61083000.0,34553000.0,51521000.0,,-25539000.0,1159000.0,918000.0,0.265
EXLS,2020,0.6063400994577325,609278000.0,218530000.0,221078000.0,528685000.0,77659000.0,-42224000.0,89476000.0,11190000.0,0.222
EXPD,2020,0.6198087502940239,3963544000.0,1527791000.0,1893043000.0,2264276000.0,56959000.0,-47543000.0,696140000.0,219000.0,0.270081
EXPE,2020,1.4907112001085059,5634000000.0,3363000000.0,5406000000.0,14664000000.0,893000000.0,-797000000.0,-2612000000.0,360000000.0,0.134
EXR,2020,0.15817816246258506,421819000.0,109124000.0,1126138000.0,6459724000.0,224444000.0,-7093000.0,481779000.0,172301000.0,0.026
EXTR,2020,1.4699236138899465,487595000.0,246894000.0,455700000.0,955625000.0,55317000.0,-17176000.0,1936000.0,22856000.0,0.27
EYE,2020,0.6291760615006649,566650000.0,373903000.0,328680000.0,1426996000.0,91585000.0,-76823000.0,36277000.0,48327000.0,0.062
EYEN,2020,0.8777433212271851,33391345.0,28371828.0,18198377.0,18602875.0,95415.0,-261257.0,-19769867.0,17042.0,0.0
EYPT,2020,1.3196382041015091,63118000.0,44909000.0,14888000.0,73176000.0,2649000.0,-362000.0,-45394000.0,7257000.0,0.0
EZPW,2020,0.8490549630166494,593250000.0,304542000.0,132467000.0,547896000.0,76476000.0,-28526000.0,-68463000.0,22472000.0,0.02
F,2020,1.1840268236890088,116744000000.0,25243000000.0,97192000000.0,236450000000.0,7457000000.0,-5742000000.0,-1279000000.0,1651000000.0,0.27
FAMI,2020,1.5039406442148817,37022171.0,481906.0,8367387.0,9036589.0,65232.0,-82195.0,823606.0,168657.0,0.041
FANG,2020,2.0039259587799783,602000000.0,104000000.0,1236000000.0,7815000000.0,1311000000.0,-2044000000.0,-4517000000.0,195000000.0,0.191
FARM,2020,2.0402421855911546,139086000.0,10263000.0,76240000.0,233047000.0,27625000.0,-15117000.0,-41651000.0,9901000.0,0.27
FARO,2020,0.9210071036027578,323935000.0,185633000.0,107947000.0,165289000.0,14239000.0,-6072000.0,629000.0,0.0,0.27
FAST,2020,0.8271321331622866,2499600000.0,245700000.0,612700000.0,1231500000.0,162400000.0,-168100000.0,859100000.0,9700000.0,0.242
FAT,2020,0.7511569574859515,24423000.0,3944000.0,73177000.0,163027000.0,1172000.0,-460000.0,-14860000.0,8550000.0,0.198879
FATBP,2020,0.5157552229382719,24423000.0,3944000.0,73177000.0,163027000.0,1172000.0,-460000.0,-14860000.0,8550000.0,0.198879
FATE,2020,1.5584032494133753,494323000.0,167347000.0,85564000.0,238012000.0,3087000.0,-4932000.0,-173387000.0,0.0,0.0
FBIN,2020,0.5840468567805296,2208500000.0,419100000.0,1345100000.0,4583200000.0,163500000.0,-150500000.0,553100000.0,83800000.0,0.222
FBIO,2020,0.988258612060307,266150000.0,233351000.0,51760000.0,136414000.0,5325000.0,-7164000.0,-46526000.0,9704000.0,0.0
FBIOP,2020,0.1960380765540833,266150000.0,233351000.0,51760000.0,136414000.0,5325000.0,-7164000.0,-46526000.0,9704000.0,0.0
FC,2020,1.3357958262440153,101664000.0,27137000.0,102528000.0,145984000.0,11601000.0,-9265000.0,-9435000.0,2318000.0,0.27
FCEL,2020,1.511086923932233,233981000.0,149867000.0,58899000.0,269133000.0,19377000.0,-31909000.0,-89107000.0,15294000.0,0.0
FCFS,2020,1.0514863945035482,624565000.0,65850000.0,206406000.0,1088382000.0,42105000.0,-37543000.0,106579000.0,29344000.0,0.258
FCN,2020,0.09326936446237624,1129707000.0,294953000.0,670171000.0,1377182000.0,43048000.0,-34849000.0,210682000.0,19805000.0,0.197
FCUV,2020,1.3271973056213493,1007630.0,583325.0,527559.0,788716.0,160022.0,-216592.0,-2537113.0,4153.0,0.0
